CREATE DATABASE  IF NOT EXISTS `Clinic` /*!40100 DEFAULT CHARACTER SET utf8mb4 COLLATE utf8mb4_0900_ai_ci */ /*!80016 DEFAULT ENCRYPTION='N' */;
USE `Clinic`;
-- MySQL dump 10.13  Distrib 8.0.36, for Linux (x86_64)
--
-- Host: 127.0.0.1    Database: Clinic
-- ------------------------------------------------------
-- Server version	8.0.36

/*!40101 SET @OLD_CHARACTER_SET_CLIENT=@@CHARACTER_SET_CLIENT */;
/*!40101 SET @OLD_CHARACTER_SET_RESULTS=@@CHARACTER_SET_RESULTS */;
/*!40101 SET @OLD_COLLATION_CONNECTION=@@COLLATION_CONNECTION */;
/*!50503 SET NAMES utf8 */;
/*!40103 SET @OLD_TIME_ZONE=@@TIME_ZONE */;
/*!40103 SET TIME_ZONE='+00:00' */;
/*!40014 SET @OLD_UNIQUE_CHECKS=@@UNIQUE_CHECKS, UNIQUE_CHECKS=0 */;
/*!40014 SET @OLD_FOREIGN_KEY_CHECKS=@@FOREIGN_KEY_CHECKS, FOREIGN_KEY_CHECKS=0 */;
/*!40101 SET @OLD_SQL_MODE=@@SQL_MODE, SQL_MODE='NO_AUTO_VALUE_ON_ZERO' */;
/*!40111 SET @OLD_SQL_NOTES=@@SQL_NOTES, SQL_NOTES=0 */;

--
-- Table structure for table `Criatura`
--

DROP TABLE IF EXISTS `Criatura`;
/*!40101 SET @saved_cs_client     = @@character_set_client */;
/*!50503 SET character_set_client = utf8mb4 */;
CREATE TABLE `Criatura` (
  `id_criatura` int unsigned NOT NULL AUTO_INCREMENT,
  `nombre_criatura` varchar(30) NOT NULL,
  `especie` enum('cíclope','hada','unicornio','minotauro','zombi','fénix','ogra','grifo','elfo','djinn','leprechaun','elfa','dragón','gnoma','sirena','troll','vampiro','dragona','ogro','ninfa','gnomo','minotaura','vampiresa','tritón') NOT NULL,
  `sexo` enum('M','H') NOT NULL,
  PRIMARY KEY (`id_criatura`),
  UNIQUE KEY `nombre_criatura` (`nombre_criatura`,`especie`,`sexo`)
) ENGINE=InnoDB AUTO_INCREMENT=129 DEFAULT CHARSET=utf8mb4 COLLATE=utf8mb4_0900_ai_ci;
/*!40101 SET character_set_client = @saved_cs_client */;

--
-- Dumping data for table `Criatura`
--

LOCK TABLES `Criatura` WRITE;
/*!40000 ALTER TABLE `Criatura` DISABLE KEYS */;
INSERT INTO `Criatura` VALUES (67,'Amigable Dolores','elfa','H'),(109,'Amigable Jessica','gnoma','H'),(62,'Amigable Laura','grifo','H'),(72,'Amigable Luis','cíclope','M'),(56,'Amigable María','hada','H'),(92,'Amigable Oscar','djinn','M'),(60,'Amigable Raúl','cíclope','M'),(9,'Amigable Silvia','zombi','H'),(83,'Bizca Ana','grifo','H'),(85,'Bizca Carmen','dragona','H'),(97,'Bizca Dolores','hada','H'),(104,'Bizca Juana','dragona','H'),(84,'Bizca María','elfa','H'),(106,'Bizca Marta','sirena','H'),(112,'Bizca Pilar','cíclope','H'),(71,'Bizca Silvia','minotaura','H'),(75,'Bizco Edgar','hada','M'),(28,'Bizco Gustavo','elfo','M'),(20,'Bizco Javier','leprechaun','M'),(68,'Bizco Luis','fénix','M'),(91,'Caféinómana Dolores','unicornio','H'),(124,'Caféinómana Juana','djinn','H'),(89,'Caféinómana Sofía','hada','H'),(4,'Caféinomano Edgar','minotauro','M'),(52,'Caféinomano Eduardo','fénix','M'),(24,'Caféinomano Fernando','elfo','M'),(70,'Caféinomano Pancho','dragón','M'),(98,'Caféinomano Sergio','cíclope','M'),(2,'Conectada Dolores','djinn','H'),(59,'Conectada Laura','unicornio','H'),(38,'Conectado Edgar','fénix','M'),(58,'Conectado Ernesto','unicornio','M'),(119,'Conectado Gustavo','dragón','M'),(42,'Despistada María','ninfa','H'),(11,'Despistada Marta','leprechaun','H'),(123,'Despistado Fernando','elfo','M'),(77,'Despistado Luis','cíclope','M'),(30,'Despistado Oscar','cíclope','M'),(69,'Despistado Pancho','zombi','M'),(63,'Despistado Sergio','gnomo','M'),(116,'Ecológica Ana','hada','H'),(110,'Ecológica Elena','unicornio','H'),(7,'Ecológica Laura','sirena','H'),(48,'Ecológica Silvia','ogra','H'),(96,'Ecológica Sofía','hada','H'),(76,'Ecológico Alberto','unicornio','M'),(80,'Ecológico Berto','cíclope','M'),(55,'Ecológico Fernando','fénix','M'),(41,'Ecológico Luis','troll','M'),(118,'Ecológico Pancho','zombi','M'),(64,'Emprendedor Eduardo','vampiro','M'),(35,'Emprendedor Javier','minotauro','M'),(22,'Emprendedor Luis','dragón','M'),(23,'Emprendedor Sergio','dragón','M'),(108,'Emprendedora Marta','grifo','H'),(29,'Filosófica Frida','ogra','H'),(79,'Filosófica Lola','gnoma','H'),(10,'Filosófico Berto','fénix','M'),(3,'Filosófico Oscar','zombi','M'),(13,'Gamer Carmen','sirena','H'),(45,'Gamer Dolores','dragona','H'),(47,'Gamer Elena','fénix','H'),(57,'Gamer Ernesto','minotauro','M'),(100,'Gamer Fernando','grifo','M'),(19,'Gamer Javier','djinn','M'),(1,'Gamer Rita','cíclope','H'),(36,'Gamer Rob','elfo','M'),(37,'Influencer Berto','cíclope','M'),(126,'Influencer Carmen','leprechaun','H'),(25,'Influencer Frida','cíclope','H'),(53,'Influencer Gustavo','vampiro','M'),(46,'Influencer Javier','minotauro','M'),(78,'Influencer Raúl','grifo','M'),(101,'Influencer Sergio','tritón','M'),(39,'Influencer Sofía','cíclope','H'),(111,'Reciclada Dolores','hada','H'),(5,'Reciclada Juana','cíclope','H'),(8,'Reciclada Rita','gnoma','H'),(32,'Reciclada Sofía','ogra','H'),(14,'Reciclado Gustavo','hada','M'),(128,'Reciclado Javier','vampiro','M'),(44,'Reciclado Luis','minotauro','M'),(107,'Reciclado Oscar','hada','M'),(61,'Reciclado Raúl','zombi','M'),(50,'Risueña Ana','vampiresa','H'),(121,'Risueña Carmen','ninfa','H'),(54,'Risueña Dolores','hada','H'),(31,'Risueña Tina','ogra','H'),(125,'Risueño Eduardo','ogro','M'),(93,'Risueño Fernando','cíclope','M'),(6,'Risueño Gustavo','unicornio','M'),(114,'Risueño Oscar','minotauro','M'),(15,'Risueño Rob','unicornio','M'),(102,'Solar Berto','grifo','M'),(33,'Solar Edgar','minotauro','M'),(117,'Solar Javier','hada','M'),(16,'Solar Jessica','ogra','H'),(86,'Solar Laura','leprechaun','H'),(27,'Solar Lola','sirena','H'),(81,'Solar Luis','vampiro','M'),(66,'Solar María','ogra','H'),(82,'Solar Rob','minotauro','M'),(51,'Solar Sergio','elfo','M'),(21,'Solar Silvia','fénix','H'),(87,'Sombreruda Frida','elfa','H'),(115,'Sombreruda Rita','ninfa','H'),(90,'Sombrerudo Ernesto','leprechaun','M'),(122,'Sombrerudo Fernando','fénix','M'),(34,'Sombrerudo Gustavo','zombi','M'),(88,'Sombrerudo Javier','troll','M'),(18,'Sombrerudo Luis','ogro','M'),(65,'Tecnológica Carmen','gnoma','H'),(105,'Tecnológica Juana','unicornio','H'),(12,'Tecnológica Marta','ogra','H'),(74,'Tecnológica Silvia','cíclope','H'),(17,'Tecnológico Berto','zombi','M'),(103,'Tecnológico Eduardo','minotauro','M'),(49,'Tecnológico Fernando','unicornio','M'),(99,'Tecnológico Javier','unicornio','M'),(94,'Tecnológico Luis','ogro','M'),(73,'Tecnológico Pancho','djinn','M'),(43,'Tecnológico Raúl','cíclope','M'),(95,'Vegana Ana','elfa','H'),(26,'Vegana Dolores','troll','H'),(120,'Vegana Pilar','leprechaun','H'),(127,'Vegano Alberto','elfo','M'),(113,'Vegano Ernesto','gnomo','M'),(40,'Vegano Luis','hada','M');
/*!40000 ALTER TABLE `Criatura` ENABLE KEYS */;
UNLOCK TABLES;

--
-- Table structure for table `Enfermedad`
--

DROP TABLE IF EXISTS `Enfermedad`;
/*!40101 SET @saved_cs_client     = @@character_set_client */;
/*!50503 SET character_set_client = utf8mb4 */;
CREATE TABLE `Enfermedad` (
  `id_enfermedad` int unsigned NOT NULL AUTO_INCREMENT,
  `nombre_enfermedad` varchar(50) NOT NULL,
  PRIMARY KEY (`id_enfermedad`),
  UNIQUE KEY `nombre_enfermedad` (`nombre_enfermedad`)
) ENGINE=InnoDB AUTO_INCREMENT=11 DEFAULT CHARSET=utf8mb4 COLLATE=utf8mb4_0900_ai_ci;
/*!40101 SET character_set_client = @saved_cs_client */;

--
-- Dumping data for table `Enfermedad`
--

LOCK TABLES `Enfermedad` WRITE;
/*!40000 ALTER TABLE `Enfermedad` DISABLE KEYS */;
INSERT INTO `Enfermedad` VALUES (1,'Giratorio hechizo del muelle flojo'),(3,'Giratorio malestar de los pies grandes'),(8,'Melancólico hechizo de la nariz luminosa'),(5,'Melancólico hechizo de las uñas largas'),(4,'Melancólico malestar del muelle flojo'),(6,'Perezoso malestar de los pies grandes'),(9,'Perezoso síndrome de la cola inquieta'),(7,'Ruidoso hechizo de las orejas calientes'),(10,'Ruidoso hechizo de los pies grandes'),(2,'Ruidoso malestar de la nariz luminosa');
/*!40000 ALTER TABLE `Enfermedad` ENABLE KEYS */;
UNLOCK TABLES;

--
-- Table structure for table `Ingrediente`
--

DROP TABLE IF EXISTS `Ingrediente`;
/*!40101 SET @saved_cs_client     = @@character_set_client */;
/*!50503 SET character_set_client = utf8mb4 */;
CREATE TABLE `Ingrediente` (
  `id_ingrediente` int unsigned NOT NULL AUTO_INCREMENT,
  `nombre_ingrediente` varchar(50) NOT NULL,
  `precio` int NOT NULL,
  PRIMARY KEY (`id_ingrediente`),
  UNIQUE KEY `nombre_ingrediente` (`nombre_ingrediente`)
) ENGINE=InnoDB AUTO_INCREMENT=11 DEFAULT CHARSET=utf8mb4 COLLATE=utf8mb4_0900_ai_ci;
/*!40101 SET character_set_client = @saved_cs_client */;

--
-- Dumping data for table `Ingrediente`
--

LOCK TABLES `Ingrediente` WRITE;
/*!40000 ALTER TABLE `Ingrediente` DISABLE KEYS */;
INSERT INTO `Ingrediente` VALUES (1,'hojas de árbol cantor',71),(2,'escamas de dragón',90),(3,'lágrimas de unicornio',100),(4,'arena de reloj mágico',57),(5,'baba de caracol mágico',29),(6,'viento del este',82),(7,'polvo de hada',9),(8,'plumas de fénix',31),(9,'esencia de nube',22),(10,'rocío de luna',12);
/*!40000 ALTER TABLE `Ingrediente` ENABLE KEYS */;
UNLOCK TABLES;

--
-- Table structure for table `Personal`
--

DROP TABLE IF EXISTS `Personal`;
/*!40101 SET @saved_cs_client     = @@character_set_client */;
/*!50503 SET character_set_client = utf8mb4 */;
CREATE TABLE `Personal` (
  `id_personal` int unsigned NOT NULL AUTO_INCREMENT,
  `nombre_personal` varchar(50) NOT NULL,
  `ssexo` enum('M','H') NOT NULL,
  `especialidad` enum('Rituales de Revitalización','Pociones de la Eternidad','Terapias de Aliento de Dragón','Curación de Maldiciones Leves','Tratamientos de Invisibilidad','Encantamientos de Fortaleza','Terapias de Transformación','Encantamientos de Belleza','Curación de Maldiciones Graves') DEFAULT NULL,
  `rol_personal` enum('Encargado','Asistente','Director','Aprendiz','Maestro') NOT NULL,
  PRIMARY KEY (`id_personal`),
  UNIQUE KEY `nombre_personal` (`nombre_personal`,`ssexo`,`especialidad`,`rol_personal`)
) ENGINE=InnoDB AUTO_INCREMENT=33 DEFAULT CHARSET=utf8mb4 COLLATE=utf8mb4_0900_ai_ci;
/*!40101 SET character_set_client = @saved_cs_client */;

--
-- Dumping data for table `Personal`
--

LOCK TABLES `Personal` WRITE;
/*!40000 ALTER TABLE `Personal` DISABLE KEYS */;
INSERT INTO `Personal` VALUES (28,'Afrodita la Fuerte','H','Encantamientos de Fortaleza','Aprendiz'),(15,'Afrodita la Moderada','H','Encantamientos de Fortaleza','Encargado'),(17,'Apolo el Gris','M','Curación de Maldiciones Graves','Encargado'),(2,'Apolo el Melancólico','M','Curación de Maldiciones Graves','Encargado'),(4,'Artemisa la Lista','H','Pociones de la Eternidad','Asistente'),(31,'Atenea la Lista','H','Rituales de Revitalización','Aprendiz'),(32,'Atenea la Melancólica','H','Encantamientos de Belleza','Aprendiz'),(1,'Atenea la Moderada','H','Rituales de Revitalización','Encargado'),(14,'Ateneo el Despistado','M','Tratamientos de Invisibilidad','Encargado'),(25,'Ateneo el Fuerte','M','Rituales de Revitalización','Maestro'),(22,'Ateneo el Melancólico','M','Rituales de Revitalización','Maestro'),(19,'Beatriz la Gris','H','Terapias de Aliento de Dragón','Director'),(18,'Circe la Despistada','H','Rituales de Revitalización','Encargado'),(10,'Circe la Fuerte','H','Terapias de Aliento de Dragón','Encargado'),(12,'Circe la Moderada','H','Curación de Maldiciones Leves','Encargado'),(5,'Dumbledore el Fuerte','M','Encantamientos de Belleza','Asistente'),(13,'Gandalf el Gris','M','Curación de Maldiciones Leves','Aprendiz'),(11,'Gandalf el Moderado','M','Terapias de Transformación','Aprendiz'),(16,'Hércules el Melancólico','M','Terapias de Aliento de Dragón','Asistente'),(20,'Hermes el Fuerte','M','Terapias de Transformación','Director'),(29,'Merlín el Listo','M','Rituales de Revitalización','Asistente'),(3,'Morgana la Despistada','H','Encantamientos de Belleza','Asistente'),(26,'Morgana la Fuerte','H','Terapias de Transformación','Maestro'),(6,'Morgana la Gris','H','Pociones de la Eternidad','Aprendiz'),(9,'Pablo el Fuerte','M','Tratamientos de Invisibilidad','Director'),(7,'Penélope la Fuerte','H','Curación de Maldiciones Leves','Asistente'),(27,'Penélope la Melancólica','H','Pociones de la Eternidad','Encargado'),(30,'Selene la Despistada','H','Tratamientos de Invisibilidad','Asistente'),(21,'Selene la Lista','H','Encantamientos de Fortaleza','Maestro'),(24,'Selene la Moderada','H','Rituales de Revitalización','Director'),(8,'Zeus el Despistado','M','Terapias de Aliento de Dragón','Maestro'),(23,'Zeus el Listo','M','Pociones de la Eternidad','Director');
/*!40000 ALTER TABLE `Personal` ENABLE KEYS */;
UNLOCK TABLES;

--
-- Table structure for table `Tratamiento`
--

DROP TABLE IF EXISTS `Tratamiento`;
/*!40101 SET @saved_cs_client     = @@character_set_client */;
/*!50503 SET character_set_client = utf8mb4 */;
CREATE TABLE `Tratamiento` (
  `id_tratamiento` int unsigned NOT NULL AUTO_INCREMENT,
  `nombre_tratamiento` varchar(50) NOT NULL,
  `descripcion_tratamiento` varchar(100) DEFAULT NULL,
  `id_enfermedad` int NOT NULL,
  PRIMARY KEY (`id_tratamiento`),
  UNIQUE KEY `nombre_tratamiento` (`nombre_tratamiento`),
  UNIQUE KEY `id_enfermedad` (`id_enfermedad`)
) ENGINE=InnoDB AUTO_INCREMENT=11 DEFAULT CHARSET=utf8mb4 COLLATE=utf8mb4_0900_ai_ci;
/*!40101 SET character_set_client = @saved_cs_client */;

--
-- Dumping data for table `Tratamiento`
--

LOCK TABLES `Tratamiento` WRITE;
/*!40000 ALTER TABLE `Tratamiento` DISABLE KEYS */;
INSERT INTO `Tratamiento` VALUES (1,'poción saltarina','provoca carcajadas incontrolables',1),(2,'tónico de baile','hace brillar a quien lo usa',2),(3,'elixir de risa','aumenta la sabiduría',3),(4,'loción de luminosidad','mejora el canto de inmediato',4),(5,'jarabe de valentía','relaja hasta el más tenso',5),(6,'bálsamo relajante','garantiza sueños dulces',6),(7,'infusión de sueños','brinda valentía de león',7),(8,'crema de invisibilidad','provoca carcajadas incontrolables',8),(9,'vaporizador de canto','hace brillar a quien lo usa',9),(10,'ungüento de sabiduría','aumenta la sabiduría',10);
/*!40000 ALTER TABLE `Tratamiento` ENABLE KEYS */;
UNLOCK TABLES;

--
-- Table structure for table `cita`
--

DROP TABLE IF EXISTS `cita`;
/*!40101 SET @saved_cs_client     = @@character_set_client */;
/*!50503 SET character_set_client = utf8mb4 */;
CREATE TABLE `cita` (
  `id_criatura` int unsigned NOT NULL,
  `id_personal` int unsigned NOT NULL,
  `fecha_y_hora` datetime NOT NULL,
  `id_tratamiento` int unsigned NOT NULL DEFAULT '0',
  PRIMARY KEY (`id_criatura`,`id_personal`,`fecha_y_hora`,`id_tratamiento`),
  KEY `id_personal` (`id_personal`),
  CONSTRAINT `cita_ibfk_1` FOREIGN KEY (`id_criatura`) REFERENCES `Criatura` (`id_criatura`) ON DELETE RESTRICT ON UPDATE CASCADE,
  CONSTRAINT `cita_ibfk_2` FOREIGN KEY (`id_personal`) REFERENCES `Personal` (`id_personal`) ON DELETE RESTRICT ON UPDATE CASCADE
) ENGINE=InnoDB DEFAULT CHARSET=utf8mb4 COLLATE=utf8mb4_0900_ai_ci;
/*!40101 SET character_set_client = @saved_cs_client */;

--
-- Dumping data for table `cita`
--

LOCK TABLES `cita` WRITE;
/*!40000 ALTER TABLE `cita` DISABLE KEYS */;
INSERT INTO `cita` VALUES (1,1,'9671-12-26 13:44:00',1),(2,1,'9341-01-17 12:38:00',5),(2,1,'9714-09-06 17:28:00',6),(2,1,'9771-04-27 12:08:00',6),(3,1,'9724-08-04 10:11:00',10),(5,1,'9833-01-12 18:25:00',8),(6,1,'9240-02-18 13:59:00',5),(6,1,'9447-05-03 10:29:00',3),(6,1,'9811-12-04 18:01:00',5),(8,1,'9072-04-09 12:31:00',7),(9,1,'9100-06-04 11:00:00',7),(13,1,'9032-02-11 16:09:00',8),(13,1,'9651-12-20 09:03:00',4),(15,1,'9062-02-17 11:47:00',8),(15,1,'9315-03-24 13:09:00',1),(16,1,'9679-08-26 11:13:00',9),(20,1,'9962-08-28 10:27:00',8),(22,1,'9001-08-02 10:02:00',1),(22,1,'9322-09-09 14:01:00',9),(25,1,'9081-11-07 14:56:00',9),(26,1,'9363-12-05 18:57:00',2),(27,1,'9055-09-20 08:37:00',6),(27,1,'9851-07-02 15:50:00',9),(28,1,'9132-01-01 08:43:00',6),(28,1,'9255-05-04 14:20:00',10),(29,1,'9058-11-08 08:30:00',7),(32,1,'9791-08-21 08:07:00',8),(34,1,'9740-04-21 15:59:00',7),(36,1,'9598-06-17 08:09:00',2),(39,1,'9490-06-23 16:41:00',1),(41,1,'9593-09-09 12:59:00',1),(41,1,'9668-10-31 15:53:00',7),(43,1,'9922-08-22 18:34:00',5),(50,1,'9399-03-13 16:02:00',10),(51,1,'9064-10-06 16:04:00',9),(51,1,'9793-03-10 11:19:00',5),(54,1,'9050-07-28 16:34:00',5),(59,1,'9076-08-12 13:28:00',3),(59,1,'9291-03-22 08:19:00',5),(59,1,'9631-03-05 15:52:00',2),(61,1,'9966-08-01 18:51:00',6),(62,1,'9634-02-07 08:31:00',5),(62,1,'9899-02-23 10:41:00',1),(63,1,'9006-10-28 18:52:00',10),(63,1,'9565-01-07 17:33:00',7),(65,1,'9703-03-31 12:44:00',7),(66,1,'9044-06-30 09:51:00',8),(68,1,'9980-05-19 10:02:00',1),(74,1,'9433-08-25 11:38:00',10),(79,1,'9360-12-15 09:39:00',6),(83,1,'9496-08-01 17:57:00',6),(89,1,'9433-11-18 18:48:00',10),(95,1,'9929-07-09 09:04:00',1),(96,1,'9800-04-13 11:48:00',10),(97,1,'9956-11-06 09:41:00',2),(101,1,'9949-02-01 08:28:00',4),(102,1,'9209-03-27 14:16:00',6),(104,1,'9259-01-10 16:40:00',9),(105,1,'9059-09-23 13:28:00',3),(107,1,'9736-08-20 11:19:00',4),(109,1,'9034-02-08 13:28:00',1),(109,1,'9140-10-23 17:44:00',1),(109,1,'9994-09-07 08:14:00',6),(111,1,'9134-07-20 18:17:00',3),(113,1,'9089-10-28 10:05:00',5),(113,1,'9621-04-26 14:16:00',5),(117,1,'9819-05-19 14:24:00',6),(118,1,'9640-10-15 14:25:00',8),(119,1,'9222-12-28 09:37:00',7),(119,1,'9958-06-20 15:02:00',1),(120,1,'9118-01-26 10:15:00',2),(2,2,'9475-06-27 09:46:00',2),(3,2,'9662-07-04 11:37:00',6),(4,2,'9791-04-13 11:11:00',1),(5,2,'9000-10-19 08:20:00',5),(6,2,'9153-03-26 13:26:00',5),(7,2,'9658-02-14 13:28:00',8),(7,2,'9846-03-07 14:28:00',6),(12,2,'9305-08-10 14:57:00',10),(13,2,'9676-03-30 09:59:00',10),(15,2,'9140-10-13 14:06:00',10),(17,2,'9464-11-29 08:27:00',5),(23,2,'9909-05-17 15:08:00',6),(26,2,'9071-01-28 08:57:00',8),(27,2,'9895-11-09 16:49:00',1),(29,2,'9216-06-30 08:51:00',8),(30,2,'9525-06-10 08:18:00',4),(34,2,'9810-05-06 15:26:00',8),(37,2,'9439-08-14 18:39:00',1),(40,2,'9851-09-16 17:17:00',3),(45,2,'9078-03-28 10:55:00',10),(47,2,'9123-05-09 15:55:00',7),(52,2,'9969-07-01 15:21:00',9),(54,2,'9011-10-26 13:23:00',8),(54,2,'9437-12-01 13:32:00',1),(55,2,'9777-02-12 09:20:00',10),(57,2,'9505-02-26 18:52:00',7),(58,2,'9576-03-06 11:34:00',8),(58,2,'9668-12-06 10:52:00',6),(59,2,'9455-10-17 08:14:00',3),(60,2,'9528-03-16 14:02:00',3),(62,2,'9219-05-20 13:46:00',5),(62,2,'9544-04-18 10:42:00',3),(64,2,'9228-06-10 15:55:00',7),(70,2,'9068-08-30 12:40:00',3),(71,2,'9597-10-06 10:36:00',3),(71,2,'9871-03-14 09:43:00',5),(73,2,'9836-11-04 10:32:00',8),(74,2,'9994-12-23 12:16:00',6),(75,2,'9278-02-13 17:43:00',2),(76,2,'9239-05-31 17:52:00',8),(76,2,'9476-04-16 12:49:00',6),(76,2,'9820-03-17 11:34:00',7),(77,2,'9042-08-13 14:11:00',7),(77,2,'9976-01-24 12:42:00',3),(80,2,'9269-10-18 10:58:00',10),(80,2,'9466-11-06 08:56:00',1),(82,2,'9142-10-04 14:11:00',9),(86,2,'9585-10-07 15:19:00',3),(87,2,'9702-08-18 10:26:00',4),(88,2,'9226-10-08 18:27:00',5),(91,2,'9274-08-07 09:39:00',8),(91,2,'9488-09-04 17:42:00',1),(91,2,'9565-01-22 17:24:00',4),(107,2,'9164-12-04 18:49:00',5),(107,2,'9770-08-04 13:57:00',10),(108,2,'9964-05-14 10:06:00',1),(112,2,'9983-05-22 13:01:00',1),(113,2,'9755-05-27 15:50:00',5),(114,2,'9504-06-20 09:50:00',2),(120,2,'9353-06-25 11:09:00',4),(120,2,'9454-11-12 12:40:00',5),(121,2,'9186-07-06 13:54:00',6),(121,2,'9209-02-14 17:36:00',8),(2,3,'9180-03-29 08:27:00',3),(3,3,'9927-12-08 16:16:00',3),(5,3,'9797-03-29 10:43:00',9),(6,3,'9858-01-29 14:34:00',4),(7,3,'9382-07-24 17:50:00',8),(7,3,'9469-09-18 09:27:00',6),(8,3,'9640-03-10 13:05:00',8),(10,3,'9866-10-04 14:04:00',7),(11,3,'9417-01-28 14:27:00',9),(11,3,'9823-11-17 08:24:00',5),(17,3,'9131-01-29 16:16:00',9),(21,3,'9223-03-11 08:50:00',10),(25,3,'9033-09-12 10:11:00',2),(28,3,'9908-04-14 08:26:00',10),(31,3,'9402-10-19 15:46:00',9),(32,3,'9689-04-04 11:40:00',9),(36,3,'9870-04-13 11:00:00',6),(38,3,'9734-09-14 14:06:00',10),(40,3,'9567-11-03 10:37:00',2),(43,3,'9010-11-10 18:51:00',2),(43,3,'9481-06-09 09:17:00',4),(44,3,'9239-08-11 10:33:00',9),(45,3,'9812-01-26 09:38:00',7),(47,3,'9724-02-23 10:07:00',1),(52,3,'9791-12-12 15:46:00',1),(54,3,'9508-11-29 10:53:00',7),(63,3,'9302-12-28 15:52:00',9),(64,3,'9515-06-23 15:12:00',5),(64,3,'9814-05-26 10:50:00',2),(67,3,'9226-08-11 15:45:00',7),(67,3,'9556-02-12 10:54:00',10),(70,3,'9239-07-11 09:00:00',6),(70,3,'9541-04-04 13:50:00',5),(77,3,'9583-02-13 16:08:00',5),(79,3,'9214-07-03 10:33:00',4),(80,3,'9192-10-12 16:16:00',5),(82,3,'9383-09-02 12:55:00',10),(82,3,'9689-07-08 13:39:00',2),(85,3,'9939-02-06 11:51:00',7),(87,3,'9849-09-16 12:09:00',6),(97,3,'9199-09-27 18:19:00',5),(107,3,'9762-12-29 16:18:00',4),(109,3,'9638-09-24 18:20:00',9),(111,3,'9576-02-07 14:55:00',5),(116,3,'9287-08-18 15:47:00',10),(120,3,'9740-12-02 13:59:00',7),(122,3,'9948-10-07 17:23:00',7),(123,3,'9612-03-11 08:29:00',1),(124,3,'9961-09-30 09:09:00',6),(126,3,'9437-07-18 18:21:00',5),(1,4,'9727-01-08 09:55:00',3),(4,4,'9064-12-22 08:20:00',4),(5,4,'9962-09-04 16:43:00',3),(8,4,'9328-03-18 10:31:00',8),(11,4,'9095-12-12 12:39:00',5),(11,4,'9736-11-13 17:00:00',8),(11,4,'9790-03-26 10:03:00',6),(16,4,'9794-11-29 14:41:00',7),(19,4,'9174-12-14 10:33:00',5),(19,4,'9817-07-01 18:59:00',1),(22,4,'9401-02-23 08:17:00',9),(26,4,'9467-12-22 10:49:00',4),(30,4,'9671-01-17 08:43:00',2),(32,4,'9468-10-29 18:57:00',2),(33,4,'9017-12-04 11:03:00',1),(33,4,'9451-11-26 11:29:00',3),(38,4,'9559-08-19 18:33:00',8),(40,4,'9325-08-05 09:21:00',7),(52,4,'9286-04-13 08:06:00',8),(56,4,'9376-06-29 18:30:00',6),(56,4,'9785-09-24 18:45:00',7),(56,4,'9906-12-04 09:26:00',9),(57,4,'9904-04-20 16:47:00',1),(58,4,'9685-10-29 08:19:00',8),(58,4,'9694-07-24 12:00:00',5),(60,4,'9746-02-10 15:27:00',6),(60,4,'9919-06-04 08:07:00',1),(64,4,'9309-12-24 17:54:00',7),(65,4,'9198-07-15 11:56:00',2),(67,4,'9067-03-06 10:22:00',9),(68,4,'9262-12-19 09:39:00',7),(68,4,'9270-10-21 15:51:00',2),(69,4,'9937-01-15 10:50:00',6),(69,4,'9998-06-15 10:24:00',8),(77,4,'9118-02-09 18:41:00',8),(78,4,'9734-10-21 13:58:00',1),(83,4,'9172-02-14 13:16:00',7),(88,4,'9108-08-03 13:34:00',1),(90,4,'9750-04-02 13:44:00',8),(91,4,'9170-05-14 12:48:00',4),(92,4,'9474-02-07 18:49:00',3),(93,4,'9847-09-19 13:50:00',1),(93,4,'9939-11-18 13:08:00',9),(95,4,'9001-10-28 13:43:00',2),(95,4,'9122-05-22 10:22:00',6),(95,4,'9238-05-29 15:07:00',8),(96,4,'9065-10-10 16:02:00',4),(97,4,'9357-04-07 17:51:00',3),(101,4,'9649-12-25 12:36:00',1),(103,4,'9056-02-13 15:28:00',3),(107,4,'9454-02-08 16:19:00',1),(108,4,'9023-12-15 17:38:00',2),(111,4,'9646-04-23 12:21:00',7),(112,4,'9140-06-23 12:26:00',3),(112,4,'9405-07-25 13:03:00',3),(112,4,'9889-06-23 16:31:00',7),(114,4,'9243-11-12 17:29:00',10),(117,4,'9218-08-06 15:45:00',8),(118,4,'9229-08-17 08:02:00',4),(119,4,'9237-09-13 17:34:00',6),(122,4,'9869-07-13 13:20:00',5),(123,4,'9093-04-10 17:20:00',4),(125,4,'9558-11-06 14:55:00',7),(126,4,'9093-01-06 13:01:00',5),(127,4,'9613-03-09 16:16:00',3),(127,4,'9826-04-30 08:18:00',3),(2,5,'9316-03-03 14:37:00',5),(4,5,'9126-11-24 13:48:00',7),(4,5,'9387-03-25 14:43:00',3),(5,5,'9021-12-26 16:34:00',2),(10,5,'9248-07-10 08:48:00',1),(10,5,'9609-04-03 10:59:00',5),(12,5,'9111-09-21 12:43:00',4),(12,5,'9689-09-12 10:36:00',7),(12,5,'9808-02-26 09:05:00',9),(18,5,'9732-01-16 10:46:00',2),(19,5,'9232-05-14 16:19:00',4),(20,5,'9093-03-05 14:15:00',6),(20,5,'9750-04-01 18:42:00',2),(21,5,'9285-02-12 17:48:00',5),(22,5,'9651-06-25 09:45:00',3),(25,5,'9916-06-17 12:59:00',7),(31,5,'9501-12-31 17:58:00',3),(32,5,'9434-03-22 18:34:00',5),(33,5,'9874-05-01 18:15:00',9),(34,5,'9864-08-09 13:03:00',1),(36,5,'9151-08-03 15:49:00',9),(37,5,'9682-05-22 16:36:00',6),(37,5,'9726-12-15 14:25:00',10),(39,5,'9473-02-02 11:50:00',1),(40,5,'9622-06-08 17:24:00',8),(42,5,'9233-03-17 14:34:00',10),(46,5,'9154-09-30 08:01:00',9),(49,5,'9258-09-03 18:04:00',5),(50,5,'9177-11-13 18:34:00',4),(51,5,'9410-12-24 15:28:00',7),(63,5,'9100-07-10 16:30:00',2),(63,5,'9366-02-24 12:17:00',2),(63,5,'9473-03-21 15:04:00',4),(64,5,'9568-02-13 12:42:00',7),(65,5,'9391-10-16 10:45:00',3),(65,5,'9847-04-02 17:03:00',3),(66,5,'9831-08-03 10:15:00',4),(66,5,'9878-10-17 12:31:00',5),(66,5,'9903-07-18 16:48:00',5),(67,5,'9942-10-05 12:40:00',4),(71,5,'9461-06-25 15:57:00',7),(72,5,'9742-05-03 14:49:00',1),(73,5,'9427-05-15 12:21:00',4),(74,5,'9954-03-28 18:05:00',10),(75,5,'9454-12-16 14:23:00',4),(88,5,'9155-12-28 17:00:00',9),(89,5,'9462-02-28 12:46:00',1),(89,5,'9492-09-23 08:04:00',10),(91,5,'9167-09-05 17:22:00',5),(99,5,'9078-01-07 09:59:00',8),(103,5,'9005-09-01 18:22:00',7),(103,5,'9968-09-04 11:31:00',7),(110,5,'9002-08-11 08:18:00',7),(111,5,'9091-03-19 17:20:00',7),(113,5,'9620-10-13 13:24:00',8),(113,5,'9933-11-29 15:00:00',1),(114,5,'9634-06-18 08:06:00',6),(115,5,'9563-01-03 16:17:00',2),(116,5,'9989-01-27 08:32:00',10),(117,5,'9507-10-03 10:15:00',3),(117,5,'9770-09-05 14:28:00',1),(119,5,'9412-10-09 12:35:00',6),(119,5,'9969-01-19 14:19:00',2),(123,5,'9218-04-29 08:25:00',2),(123,5,'9300-10-25 12:33:00',1),(2,6,'9752-12-02 18:23:00',2),(3,6,'9050-06-06 17:57:00',10),(3,6,'9652-08-05 10:59:00',7),(4,6,'9728-08-09 13:02:00',3),(6,6,'9263-05-18 11:55:00',5),(10,6,'9860-08-03 18:13:00',6),(12,6,'9212-01-05 11:12:00',6),(15,6,'9317-02-02 12:24:00',8),(16,6,'9476-04-30 08:40:00',6),(18,6,'9347-10-12 17:25:00',8),(20,6,'9166-01-08 08:13:00',6),(21,6,'9148-01-01 09:45:00',3),(25,6,'9772-06-06 09:27:00',4),(26,6,'9253-04-19 08:32:00',7),(26,6,'9404-10-14 09:39:00',10),(27,6,'9134-06-06 17:32:00',2),(27,6,'9817-01-30 18:18:00',8),(29,6,'9097-03-05 17:40:00',8),(31,6,'9148-06-06 18:28:00',7),(33,6,'9074-11-08 10:24:00',1),(33,6,'9833-03-15 17:33:00',3),(37,6,'9054-01-08 17:33:00',7),(38,6,'9905-10-25 12:03:00',6),(42,6,'9325-02-03 16:26:00',9),(42,6,'9992-03-31 12:17:00',4),(47,6,'9613-12-27 18:49:00',3),(53,6,'9270-03-07 15:25:00',4),(53,6,'9847-12-08 08:19:00',10),(56,6,'9842-12-25 11:30:00',10),(58,6,'9938-07-13 09:55:00',9),(63,6,'9625-06-23 15:32:00',1),(66,6,'9926-03-05 13:03:00',3),(69,6,'9912-01-10 16:30:00',7),(70,6,'9946-04-23 12:14:00',9),(75,6,'9667-01-21 14:21:00',5),(75,6,'9922-09-23 16:11:00',10),(79,6,'9330-08-31 16:12:00',7),(79,6,'9548-07-17 16:53:00',3),(79,6,'9877-12-05 16:48:00',3),(81,6,'9888-02-29 15:46:00',4),(81,6,'9998-12-29 17:03:00',6),(82,6,'9360-02-19 10:50:00',8),(89,6,'9010-09-22 17:55:00',8),(89,6,'9995-04-11 13:09:00',5),(95,6,'9083-12-19 11:07:00',8),(101,6,'9123-01-06 14:50:00',4),(101,6,'9574-05-30 16:07:00',7),(102,6,'9752-10-29 08:36:00',1),(103,6,'9005-03-15 17:30:00',6),(104,6,'9285-07-22 12:31:00',10),(104,6,'9679-07-08 18:46:00',1),(106,6,'9631-02-16 15:32:00',4),(110,6,'9547-02-27 18:21:00',2),(112,6,'9502-08-04 12:07:00',1),(115,6,'9441-01-30 08:08:00',2),(116,6,'9425-07-27 17:44:00',8),(117,6,'9891-03-17 08:48:00',9),(118,6,'9495-06-30 17:58:00',8),(118,6,'9788-04-13 16:18:00',5),(124,6,'9238-12-23 15:44:00',9),(126,6,'9005-02-06 12:36:00',9),(4,7,'9037-04-14 18:04:00',6),(5,7,'9446-06-06 08:39:00',1),(7,7,'9027-12-20 16:27:00',6),(15,7,'9014-12-12 18:37:00',6),(15,7,'9044-08-09 11:07:00',8),(15,7,'9281-01-16 08:04:00',2),(16,7,'9256-11-16 09:17:00',8),(17,7,'9255-12-20 17:40:00',8),(20,7,'9538-11-30 10:50:00',7),(21,7,'9204-01-21 17:50:00',5),(23,7,'9677-04-27 11:34:00',1),(26,7,'9169-09-19 16:59:00',1),(26,7,'9620-02-10 13:10:00',4),(28,7,'9039-11-30 11:55:00',2),(31,7,'9860-06-02 17:50:00',2),(32,7,'9510-05-04 13:06:00',5),(32,7,'9773-10-29 08:36:00',3),(39,7,'9346-11-05 08:48:00',9),(44,7,'9768-08-11 16:41:00',4),(44,7,'9844-04-20 11:18:00',8),(46,7,'9107-12-16 14:06:00',7),(46,7,'9688-06-24 11:02:00',8),(46,7,'9765-01-30 15:41:00',5),(48,7,'9598-09-05 18:19:00',1),(51,7,'9746-01-02 11:30:00',3),(53,7,'9064-08-09 11:28:00',8),(56,7,'9619-12-11 15:55:00',8),(56,7,'9829-05-06 12:11:00',4),(57,7,'9591-12-21 16:28:00',2),(61,7,'9016-11-13 14:38:00',9),(64,7,'9373-09-21 18:15:00',10),(64,7,'9826-04-21 18:53:00',4),(64,7,'9894-11-12 16:46:00',5),(65,7,'9000-03-13 09:40:00',3),(67,7,'9078-05-31 18:43:00',1),(71,7,'9802-09-18 11:14:00',3),(73,7,'9725-07-08 17:57:00',9),(76,7,'9266-12-20 17:12:00',3),(80,7,'9651-12-26 11:03:00',7),(81,7,'9177-11-25 11:23:00',8),(81,7,'9662-12-29 14:57:00',7),(83,7,'9964-06-22 18:40:00',4),(85,7,'9458-11-13 16:16:00',6),(88,7,'9769-05-15 10:10:00',5),(88,7,'9984-07-07 18:39:00',6),(93,7,'9610-02-14 09:37:00',10),(96,7,'9476-08-10 12:19:00',9),(96,7,'9974-07-17 10:34:00',3),(98,7,'9686-05-25 13:44:00',4),(99,7,'9010-01-20 11:26:00',1),(101,7,'9015-09-21 17:13:00',3),(104,7,'9074-12-05 16:03:00',2),(105,7,'9105-03-09 17:51:00',5),(105,7,'9396-10-15 14:13:00',6),(106,7,'9613-02-25 16:04:00',8),(109,7,'9068-11-15 09:09:00',6),(109,7,'9650-01-21 08:41:00',10),(113,7,'9070-10-18 17:31:00',4),(114,7,'9668-05-04 11:31:00',4),(125,7,'9648-03-17 17:09:00',5),(126,7,'9893-11-21 09:05:00',10),(127,7,'9013-05-11 10:04:00',6),(128,7,'9969-10-08 13:55:00',8),(128,7,'9991-07-31 15:50:00',6),(3,8,'9672-01-24 15:16:00',9),(4,8,'9164-07-22 14:52:00',2),(4,8,'9512-05-14 11:44:00',1),(6,8,'9159-10-14 16:31:00',3),(6,8,'9892-11-14 15:58:00',1),(8,8,'9323-02-04 08:14:00',5),(9,8,'9483-06-14 18:37:00',5),(13,8,'9381-06-02 15:16:00',1),(15,8,'9941-12-25 14:59:00',7),(16,8,'9347-10-23 18:17:00',7),(20,8,'9145-11-29 09:30:00',9),(20,8,'9271-03-14 15:26:00',4),(21,8,'9709-04-30 18:41:00',8),(23,8,'9442-10-08 16:27:00',3),(27,8,'9709-02-08 11:30:00',4),(29,8,'9684-10-31 15:25:00',2),(32,8,'9187-06-21 12:55:00',2),(33,8,'9947-05-04 18:45:00',7),(34,8,'9703-02-10 12:25:00',8),(36,8,'9357-09-13 16:25:00',4),(36,8,'9945-08-06 12:43:00',10),(42,8,'9496-04-29 09:37:00',9),(44,8,'9200-02-29 15:29:00',5),(44,8,'9891-03-15 17:35:00',2),(46,8,'9281-01-19 12:05:00',9),(49,8,'9942-11-29 09:28:00',6),(50,8,'9732-11-07 16:52:00',2),(51,8,'9310-01-25 14:19:00',3),(53,8,'9205-12-27 17:52:00',4),(53,8,'9756-10-02 15:09:00',7),(54,8,'9269-06-05 13:11:00',1),(62,8,'9510-09-03 16:45:00',1),(66,8,'9126-09-27 08:56:00',8),(67,8,'9722-08-18 17:41:00',7),(70,8,'9257-08-22 14:34:00',3),(72,8,'9388-06-05 12:54:00',8),(72,8,'9794-08-27 09:10:00',3),(74,8,'9175-01-27 08:28:00',2),(74,8,'9670-09-15 09:33:00',2),(75,8,'9513-03-19 10:43:00',5),(77,8,'9426-10-20 17:28:00',4),(78,8,'9636-11-11 12:16:00',2),(79,8,'9022-02-25 14:22:00',3),(79,8,'9345-01-11 16:08:00',2),(81,8,'9514-10-20 13:00:00',3),(81,8,'9656-02-08 17:34:00',1),(86,8,'9546-02-25 18:38:00',4),(86,8,'9710-06-19 14:19:00',2),(91,8,'9295-09-10 13:59:00',5),(92,8,'9463-10-12 18:38:00',2),(99,8,'9049-11-27 15:51:00',5),(104,8,'9781-04-11 14:21:00',7),(106,8,'9741-06-12 16:52:00',1),(106,8,'9771-09-20 09:06:00',9),(106,8,'9885-12-30 18:06:00',3),(107,8,'9276-04-25 09:31:00',9),(107,8,'9788-10-07 12:52:00',10),(108,8,'9087-06-08 15:50:00',10),(109,8,'9352-05-02 17:36:00',5),(112,8,'9109-07-25 08:25:00',6),(113,8,'9446-06-05 17:05:00',4),(116,8,'9982-12-18 09:48:00',7),(117,8,'9424-03-11 16:39:00',4),(117,8,'9653-03-03 17:17:00',4),(119,8,'9224-07-30 13:13:00',1),(121,8,'9027-05-31 16:33:00',3),(122,8,'9701-12-26 17:43:00',3),(123,8,'9617-05-02 17:50:00',5),(124,8,'9273-07-19 08:27:00',1),(124,8,'9978-06-04 14:56:00',1),(125,8,'9577-10-08 15:26:00',4),(1,9,'9829-03-25 14:07:00',1),(7,9,'9637-05-27 14:02:00',3),(9,9,'9049-05-05 18:02:00',7),(9,9,'9415-12-21 11:01:00',10),(10,9,'9160-10-27 16:42:00',5),(13,9,'9037-02-18 09:04:00',8),(13,9,'9824-03-23 17:10:00',5),(14,9,'9905-01-01 18:22:00',5),(15,9,'9763-09-03 18:41:00',5),(16,9,'9618-05-03 11:00:00',7),(17,9,'9744-07-05 14:18:00',2),(18,9,'9921-08-09 11:25:00',3),(20,9,'9141-09-07 17:49:00',7),(21,9,'9864-02-06 12:35:00',2),(22,9,'9945-09-18 09:24:00',7),(29,9,'9046-07-03 08:59:00',6),(34,9,'9819-04-04 13:05:00',5),(34,9,'9893-05-09 15:49:00',6),(36,9,'9362-03-09 11:46:00',8),(37,9,'9388-11-28 11:28:00',3),(38,9,'9064-09-25 15:50:00',9),(41,9,'9327-05-06 08:51:00',4),(43,9,'9982-10-01 11:23:00',8),(44,9,'9340-04-13 18:06:00',6),(45,9,'9022-09-07 13:05:00',5),(45,9,'9098-01-19 09:36:00',1),(46,9,'9804-09-12 15:17:00',9),(47,9,'9768-02-25 12:36:00',3),(48,9,'9098-05-05 10:52:00',7),(48,9,'9191-01-11 11:30:00',8),(50,9,'9147-01-09 15:29:00',6),(50,9,'9920-11-04 13:45:00',8),(52,9,'9176-02-02 11:14:00',4),(54,9,'9587-03-14 08:16:00',7),(57,9,'9257-04-26 16:23:00',1),(57,9,'9410-09-24 16:26:00',5),(59,9,'9847-01-18 18:06:00',4),(62,9,'9349-05-23 18:43:00',2),(70,9,'9268-06-02 08:32:00',3),(73,9,'9169-09-01 10:20:00',9),(73,9,'9314-07-08 17:26:00',4),(78,9,'9188-10-16 17:46:00',1),(83,9,'9650-02-26 18:43:00',3),(85,9,'9069-03-01 15:35:00',1),(85,9,'9252-09-17 13:18:00',8),(88,9,'9624-04-22 13:23:00',4),(88,9,'9756-05-17 13:24:00',4),(92,9,'9584-09-24 15:32:00',2),(93,9,'9499-09-24 14:30:00',8),(94,9,'9612-04-23 09:35:00',10),(95,9,'9720-11-15 10:32:00',8),(97,9,'9787-09-02 08:41:00',10),(101,9,'9827-09-20 14:00:00',3),(102,9,'9108-06-13 13:42:00',9),(107,9,'9599-09-07 11:20:00',5),(109,9,'9877-10-13 16:58:00',1),(110,9,'9752-07-12 12:15:00',5),(111,9,'9519-03-07 14:31:00',9),(114,9,'9912-10-22 14:17:00',4),(117,9,'9059-01-05 12:26:00',3),(118,9,'9075-02-27 15:03:00',6),(119,9,'9861-12-07 12:51:00',3),(122,9,'9389-08-10 13:59:00',1),(122,9,'9986-07-25 15:42:00',5),(124,9,'9735-02-04 08:48:00',7),(124,9,'9981-09-06 08:36:00',3),(127,9,'9525-02-15 17:08:00',1),(4,10,'9929-05-04 10:55:00',3),(5,10,'9425-07-28 14:48:00',3),(8,10,'9889-04-09 13:25:00',8),(11,10,'9774-01-10 10:07:00',7),(14,10,'9524-11-05 13:37:00',7),(15,10,'9047-06-04 16:53:00',9),(23,10,'9645-06-16 15:53:00',2),(24,10,'9210-05-06 17:21:00',4),(25,10,'9165-02-20 18:45:00',4),(29,10,'9632-12-11 18:13:00',9),(35,10,'9720-04-09 14:00:00',4),(36,10,'9998-08-24 08:23:00',4),(40,10,'9020-10-27 08:55:00',5),(42,10,'9576-06-02 15:02:00',1),(43,10,'9206-05-26 11:30:00',4),(43,10,'9888-09-27 08:00:00',6),(44,10,'9093-12-30 18:11:00',1),(48,10,'9569-09-28 08:11:00',10),(51,10,'9083-10-03 12:26:00',5),(56,10,'9228-09-22 09:01:00',7),(56,10,'9230-01-19 11:23:00',10),(59,10,'9078-06-16 09:22:00',5),(61,10,'9276-12-17 08:05:00',1),(63,10,'9229-02-07 17:01:00',4),(63,10,'9794-07-04 16:30:00',7),(66,10,'9710-06-29 16:41:00',3),(67,10,'9231-09-16 10:29:00',4),(67,10,'9866-12-16 16:08:00',7),(71,10,'9127-11-29 08:23:00',7),(71,10,'9151-12-22 12:41:00',6),(71,10,'9183-11-17 08:22:00',6),(72,10,'9366-03-07 12:15:00',8),(77,10,'9583-01-09 13:20:00',3),(78,10,'9872-04-08 16:30:00',7),(81,10,'9345-06-22 11:05:00',5),(83,10,'9890-04-03 11:42:00',3),(83,10,'9948-01-04 13:27:00',6),(84,10,'9013-11-12 14:58:00',7),(86,10,'9029-03-17 12:19:00',5),(86,10,'9485-05-10 17:57:00',8),(86,10,'9493-10-04 14:30:00',6),(88,10,'9784-08-09 10:28:00',7),(89,10,'9007-01-31 12:03:00',9),(90,10,'9553-06-29 17:28:00',8),(92,10,'9442-08-20 18:57:00',4),(93,10,'9386-06-01 12:04:00',3),(95,10,'9439-10-09 14:11:00',7),(99,10,'9173-12-02 16:54:00',8),(103,10,'9856-11-05 18:08:00',1),(104,10,'9163-06-20 18:21:00',9),(104,10,'9170-01-12 14:13:00',5),(104,10,'9908-07-20 17:18:00',3),(106,10,'9492-04-05 15:43:00',5),(107,10,'9964-01-05 18:32:00',4),(109,10,'9201-05-18 09:48:00',5),(110,10,'9165-01-13 12:44:00',10),(110,10,'9245-11-16 08:49:00',9),(115,10,'9074-06-27 15:39:00',9),(120,10,'9133-09-15 18:33:00',8),(121,10,'9527-06-06 16:26:00',1),(124,10,'9624-12-05 14:57:00',1),(127,10,'9062-03-11 13:23:00',2),(1,11,'9943-12-09 08:25:00',5),(8,11,'9162-05-08 11:05:00',9),(12,11,'9776-11-13 13:47:00',6),(13,11,'9301-07-26 11:57:00',5),(15,11,'9445-08-29 08:10:00',3),(18,11,'9912-09-17 13:39:00',8),(22,11,'9600-05-05 14:46:00',4),(26,11,'9457-10-03 17:34:00',7),(29,11,'9299-07-16 17:22:00',7),(30,11,'9753-07-27 15:38:00',9),(31,11,'9101-04-29 09:56:00',9),(33,11,'9775-04-14 12:25:00',3),(34,11,'9105-07-21 08:59:00',8),(35,11,'9618-04-23 16:06:00',10),(37,11,'9215-03-24 17:27:00',9),(38,11,'9480-11-19 16:16:00',7),(39,11,'9660-03-31 08:23:00',6),(41,11,'9735-04-26 11:57:00',7),(42,11,'9680-06-03 11:40:00',10),(45,11,'9722-03-25 16:07:00',4),(46,11,'9399-11-16 13:53:00',9),(47,11,'9162-10-29 10:01:00',1),(51,11,'9415-05-10 17:45:00',3),(56,11,'9950-09-27 11:20:00',10),(59,11,'9936-09-03 18:56:00',7),(60,11,'9119-07-16 09:58:00',9),(61,11,'9686-06-14 08:59:00',3),(65,11,'9494-10-02 13:35:00',7),(65,11,'9756-12-21 13:24:00',5),(69,11,'9699-12-27 09:19:00',7),(74,11,'9012-08-18 14:50:00',6),(76,11,'9403-10-17 12:34:00',7),(77,11,'9891-07-20 12:55:00',2),(86,11,'9382-05-24 12:39:00',7),(93,11,'9828-08-31 17:47:00',8),(95,11,'9832-11-26 15:41:00',7),(99,11,'9070-03-27 10:46:00',10),(100,11,'9109-07-05 13:47:00',3),(102,11,'9146-11-30 12:53:00',6),(103,11,'9825-07-17 18:22:00',3),(105,11,'9748-06-04 09:58:00',3),(111,11,'9223-09-28 09:34:00',5),(111,11,'9735-11-03 08:48:00',10),(112,11,'9880-09-04 18:57:00',8),(115,11,'9517-01-09 13:25:00',8),(117,11,'9444-01-15 16:53:00',10),(119,11,'9181-01-28 08:31:00',7),(121,11,'9483-05-09 13:21:00',5),(122,11,'9534-10-29 15:08:00',8),(3,12,'9271-01-17 11:14:00',8),(3,12,'9612-01-21 13:04:00',1),(4,12,'9067-09-16 17:10:00',10),(5,12,'9315-10-08 14:28:00',3),(13,12,'9518-05-14 17:21:00',8),(14,12,'9071-02-09 11:58:00',4),(17,12,'9166-03-16 08:20:00',3),(17,12,'9688-09-27 12:55:00',10),(17,12,'9847-10-05 15:34:00',3),(18,12,'9260-02-10 15:13:00',2),(18,12,'9285-06-14 12:14:00',5),(19,12,'9174-12-19 11:47:00',8),(19,12,'9926-09-27 08:48:00',4),(20,12,'9032-07-22 17:43:00',6),(22,12,'9202-06-28 12:51:00',5),(23,12,'9183-02-07 10:50:00',1),(24,12,'9107-04-13 14:34:00',7),(25,12,'9393-04-07 15:59:00',6),(25,12,'9996-12-25 16:38:00',1),(27,12,'9831-03-21 12:45:00',8),(29,12,'9149-02-23 14:28:00',3),(31,12,'9247-07-07 17:50:00',8),(33,12,'9377-12-15 14:07:00',6),(34,12,'9671-01-19 16:07:00',9),(35,12,'9299-09-22 18:33:00',5),(39,12,'9348-07-18 09:49:00',1),(41,12,'9671-01-25 10:45:00',3),(43,12,'9431-06-03 11:11:00',10),(45,12,'9976-09-24 12:37:00',7),(46,12,'9275-05-04 18:57:00',10),(48,12,'9429-05-01 11:27:00',7),(48,12,'9485-04-30 09:24:00',2),(50,12,'9603-07-04 17:22:00',6),(50,12,'9630-08-30 09:46:00',9),(52,12,'9068-05-10 12:30:00',4),(52,12,'9294-08-29 10:43:00',7),(59,12,'9773-04-13 10:26:00',10),(61,12,'9777-08-14 12:30:00',10),(62,12,'9931-12-17 12:36:00',10),(64,12,'9998-09-28 12:14:00',3),(65,12,'9647-08-20 18:35:00',3),(66,12,'9867-04-04 15:39:00',3),(67,12,'9591-03-10 17:26:00',8),(70,12,'9372-10-28 09:27:00',9),(72,12,'9649-12-03 14:36:00',8),(74,12,'9742-10-05 11:33:00',10),(75,12,'9562-01-01 14:40:00',4),(75,12,'9682-07-13 17:25:00',8),(77,12,'9017-02-20 14:34:00',8),(77,12,'9639-10-20 17:06:00',4),(79,12,'9744-05-04 12:22:00',7),(84,12,'9370-04-10 14:10:00',4),(89,12,'9015-02-23 18:42:00',7),(89,12,'9578-03-16 16:13:00',8),(92,12,'9113-02-20 15:53:00',3),(95,12,'9373-08-08 16:52:00',1),(95,12,'9755-10-22 10:59:00',4),(97,12,'9171-10-26 17:43:00',1),(98,12,'9015-07-15 15:09:00',7),(98,12,'9297-04-11 12:21:00',7),(100,12,'9732-11-12 16:22:00',7),(102,12,'9469-10-14 11:05:00',2),(103,12,'9828-05-21 16:04:00',9),(104,12,'9109-09-29 18:31:00',2),(108,12,'9557-10-12 12:44:00',3),(111,12,'9134-02-11 13:06:00',8),(113,12,'9067-01-04 08:04:00',1),(114,12,'9224-04-17 18:51:00',8),(121,12,'9625-11-12 18:43:00',9),(125,12,'9191-04-04 18:29:00',8),(126,12,'9392-06-23 11:13:00',8),(127,12,'9842-05-27 17:06:00',5),(5,13,'9210-06-09 11:12:00',1),(6,13,'9202-02-06 15:22:00',2),(7,13,'9664-08-14 18:12:00',8),(9,13,'9226-12-06 13:48:00',7),(10,13,'9029-04-25 09:02:00',1),(10,13,'9792-12-13 11:09:00',3),(10,13,'9909-08-13 18:23:00',5),(13,13,'9177-08-08 18:54:00',10),(14,13,'9522-09-28 14:42:00',8),(18,13,'9678-12-13 14:19:00',7),(19,13,'9408-09-06 14:13:00',5),(22,13,'9271-01-17 11:38:00',5),(22,13,'9672-11-27 15:21:00',4),(23,13,'9498-12-21 13:21:00',3),(27,13,'9896-01-18 11:30:00',7),(29,13,'9458-12-06 18:31:00',3),(29,13,'9914-08-12 16:17:00',5),(32,13,'9601-08-05 11:54:00',6),(32,13,'9615-02-11 14:02:00',9),(33,13,'9202-11-30 08:11:00',5),(38,13,'9813-09-01 18:18:00',9),(40,13,'9401-06-29 16:49:00',9),(40,13,'9505-12-31 14:18:00',7),(42,13,'9072-03-18 16:17:00',7),(42,13,'9478-02-08 18:28:00',7),(45,13,'9143-01-14 12:31:00',2),(45,13,'9870-03-22 17:29:00',5),(46,13,'9594-04-22 13:41:00',6),(51,13,'9649-05-03 14:33:00',8),(52,13,'9692-01-13 14:01:00',8),(53,13,'9822-04-01 18:47:00',3),(56,13,'9455-08-15 09:07:00',6),(62,13,'9105-03-12 14:18:00',3),(62,13,'9221-09-05 10:08:00',10),(65,13,'9901-08-06 12:43:00',4),(66,13,'9925-04-02 18:12:00',6),(67,13,'9735-07-30 08:25:00',6),(68,13,'9034-12-26 09:52:00',5),(73,13,'9616-07-14 15:29:00',3),(78,13,'9933-05-18 10:30:00',10),(79,13,'9914-04-24 17:24:00',8),(80,13,'9138-06-08 13:06:00',8),(86,13,'9179-10-13 11:15:00',2),(87,13,'9468-01-30 10:22:00',9),(97,13,'9497-02-16 09:33:00',8),(98,13,'9098-05-06 16:37:00',7),(98,13,'9307-07-11 10:46:00',2),(100,13,'9172-05-04 14:42:00',1),(100,13,'9522-07-11 08:21:00',5),(102,13,'9746-06-10 13:42:00',1),(103,13,'9422-01-06 15:28:00',7),(107,13,'9083-05-19 12:43:00',3),(111,13,'9914-09-24 11:01:00',5),(112,13,'9597-05-12 15:51:00',1),(113,13,'9778-08-30 11:15:00',9),(114,13,'9295-12-23 13:19:00',10),(116,13,'9004-04-30 11:33:00',4),(117,13,'9058-08-09 17:57:00',5),(117,13,'9493-07-05 17:11:00',6),(120,13,'9243-10-18 17:38:00',7),(123,13,'9592-03-26 08:13:00',3),(124,13,'9702-12-15 16:33:00',2),(124,13,'9901-08-01 14:57:00',2),(128,13,'9258-04-29 09:07:00',3),(128,13,'9823-09-30 12:23:00',3),(1,14,'9237-12-17 09:44:00',4),(3,14,'9218-01-30 18:28:00',5),(3,14,'9788-01-30 14:47:00',1),(6,14,'9173-01-01 11:52:00',9),(6,14,'9370-03-19 12:12:00',5),(10,14,'9258-08-19 13:38:00',3),(12,14,'9261-01-18 17:19:00',9),(12,14,'9763-04-01 17:22:00',4),(15,14,'9434-04-02 16:06:00',5),(16,14,'9083-04-27 11:00:00',3),(16,14,'9172-08-24 13:07:00',9),(16,14,'9449-12-16 13:47:00',9),(17,14,'9684-06-15 12:02:00',2),(18,14,'9593-09-21 17:38:00',3),(19,14,'9386-12-17 08:30:00',5),(23,14,'9056-01-15 17:21:00',1),(23,14,'9190-03-07 09:58:00',4),(23,14,'9265-07-08 09:03:00',6),(23,14,'9608-11-28 14:49:00',8),(24,14,'9871-09-14 11:44:00',1),(26,14,'9762-04-16 10:40:00',5),(28,14,'9339-10-17 13:07:00',2),(34,14,'9164-03-16 15:21:00',2),(34,14,'9209-03-04 12:41:00',9),(34,14,'9715-01-13 13:03:00',3),(37,14,'9225-10-27 16:34:00',7),(37,14,'9505-08-12 18:58:00',4),(38,14,'9507-11-25 17:07:00',9),(40,14,'9908-08-10 17:37:00',7),(41,14,'9942-08-13 14:20:00',8),(44,14,'9973-12-26 11:19:00',4),(47,14,'9595-05-23 13:03:00',7),(52,14,'9708-10-30 10:16:00',3),(53,14,'9453-04-11 10:29:00',4),(54,14,'9190-03-17 09:36:00',9),(54,14,'9701-08-14 15:15:00',6),(54,14,'9855-01-08 08:32:00',9),(61,14,'9386-07-27 09:53:00',10),(62,14,'9365-02-23 10:06:00',2),(62,14,'9894-12-29 16:30:00',8),(67,14,'9166-06-22 11:47:00',1),(67,14,'9591-01-14 16:25:00',4),(68,14,'9673-07-21 09:07:00',2),(69,14,'9315-07-22 17:32:00',2),(72,14,'9714-05-07 10:08:00',5),(73,14,'9609-02-21 08:32:00',3),(78,14,'9653-02-18 17:46:00',1),(79,14,'9134-04-20 11:57:00',6),(80,14,'9647-04-04 10:16:00',6),(81,14,'9253-10-18 16:06:00',3),(82,14,'9266-10-16 15:36:00',5),(82,14,'9452-09-29 11:45:00',3),(84,14,'9110-01-19 13:42:00',5),(88,14,'9913-01-31 18:10:00',7),(90,14,'9256-12-17 17:25:00',6),(91,14,'9298-11-08 16:11:00',4),(91,14,'9855-02-22 13:46:00',5),(92,14,'9416-10-28 12:45:00',7),(94,14,'9476-12-10 09:12:00',1),(95,14,'9168-02-01 08:37:00',8),(103,14,'9230-06-07 08:12:00',5),(111,14,'9447-04-22 14:31:00',8),(112,14,'9010-04-29 18:15:00',3),(114,14,'9997-08-02 15:45:00',6),(115,14,'9091-11-22 14:34:00',6),(115,14,'9617-06-29 15:22:00',9),(115,14,'9932-01-29 09:30:00',3),(116,14,'9789-10-27 08:47:00',6),(118,14,'9425-08-28 18:16:00',5),(119,14,'9273-10-04 08:47:00',4),(121,14,'9092-05-24 10:42:00',10),(123,14,'9366-09-24 15:50:00',7),(128,14,'9743-04-22 15:06:00',1),(4,15,'9378-06-07 13:42:00',4),(4,15,'9541-10-16 17:52:00',10),(8,15,'9983-01-30 08:45:00',9),(9,15,'9386-03-05 16:15:00',7),(10,15,'9520-04-01 16:54:00',5),(11,15,'9298-03-14 12:26:00',4),(19,15,'9150-01-27 10:51:00',5),(20,15,'9315-08-29 15:57:00',2),(21,15,'9904-10-29 13:28:00',9),(24,15,'9275-07-07 11:38:00',3),(26,15,'9372-09-15 11:08:00',2),(26,15,'9651-08-17 10:44:00',6),(28,15,'9248-01-17 13:37:00',7),(29,15,'9075-07-13 09:37:00',7),(32,15,'9907-09-17 11:37:00',7),(32,15,'9990-08-21 16:37:00',2),(33,15,'9001-03-16 10:19:00',4),(34,15,'9919-09-13 08:00:00',9),(35,15,'9751-12-30 17:52:00',7),(44,15,'9716-10-30 14:10:00',3),(48,15,'9057-03-01 09:26:00',1),(48,15,'9113-01-02 11:24:00',9),(51,15,'9206-10-05 11:51:00',10),(52,15,'9818-03-27 09:35:00',5),(54,15,'9007-11-26 09:38:00',1),(54,15,'9515-09-22 10:28:00',6),(55,15,'9588-09-05 18:27:00',3),(60,15,'9426-07-13 08:47:00',6),(62,15,'9115-01-06 11:30:00',3),(62,15,'9656-09-08 17:10:00',8),(62,15,'9730-07-01 10:54:00',9),(64,15,'9404-01-15 08:32:00',8),(65,15,'9939-08-18 13:34:00',6),(66,15,'9249-04-19 15:21:00',6),(67,15,'9006-05-08 15:35:00',2),(68,15,'9899-01-20 13:47:00',3),(71,15,'9201-08-01 12:07:00',2),(71,15,'9488-06-08 08:19:00',2),(75,15,'9690-11-21 16:02:00',2),(76,15,'9907-07-29 18:11:00',3),(81,15,'9046-11-12 12:55:00',8),(82,15,'9224-06-16 15:16:00',3),(82,15,'9653-02-20 13:09:00',2),(83,15,'9689-10-28 10:03:00',10),(85,15,'9820-10-29 17:10:00',3),(86,15,'9861-07-27 18:26:00',2),(86,15,'9956-07-07 12:34:00',5),(87,15,'9054-02-19 08:32:00',8),(89,15,'9616-05-19 11:33:00',1),(90,15,'9775-11-10 18:57:00',9),(93,15,'9861-12-26 16:23:00',9),(95,15,'9809-07-08 08:49:00',5),(96,15,'9639-12-30 09:58:00',1),(98,15,'9173-06-20 17:11:00',6),(101,15,'9397-05-10 12:45:00',7),(101,15,'9417-09-15 11:14:00',5),(105,15,'9593-06-15 08:24:00',4),(105,15,'9750-03-21 16:03:00',5),(107,15,'9803-08-05 18:59:00',7),(110,15,'9393-03-08 12:02:00',4),(111,15,'9730-07-08 18:56:00',1),(112,15,'9727-09-01 17:08:00',6),(115,15,'9014-09-06 15:36:00',9),(116,15,'9620-02-11 09:46:00',7),(116,15,'9935-10-01 14:34:00',6),(118,15,'9844-03-12 10:53:00',8),(119,15,'9308-09-21 12:10:00',9),(120,15,'9558-02-27 11:49:00',6),(121,15,'9439-06-08 12:11:00',6),(122,15,'9528-07-16 17:49:00',3),(123,15,'9535-05-16 17:43:00',2),(125,15,'9373-04-16 13:36:00',10),(1,16,'9108-07-08 16:53:00',5),(1,16,'9688-01-12 18:56:00',6),(2,16,'9517-02-07 11:55:00',7),(4,16,'9223-02-22 15:29:00',1),(6,16,'9823-05-01 18:07:00',6),(7,16,'9644-09-12 11:31:00',8),(9,16,'9119-05-26 11:55:00',4),(13,16,'9567-11-15 11:27:00',6),(18,16,'9028-01-17 14:19:00',5),(19,16,'9604-11-09 14:40:00',2),(23,16,'9652-06-10 10:28:00',6),(23,16,'9760-02-05 12:02:00',10),(26,16,'9820-08-21 14:42:00',4),(29,16,'9263-01-22 09:17:00',10),(30,16,'9165-11-08 09:48:00',10),(31,16,'9191-01-11 14:31:00',9),(34,16,'9184-04-25 09:54:00',10),(34,16,'9225-01-05 10:18:00',7),(37,16,'9780-07-24 16:31:00',2),(38,16,'9651-07-26 08:38:00',4),(39,16,'9694-05-08 12:08:00',8),(39,16,'9921-06-09 15:37:00',7),(42,16,'9626-06-04 13:04:00',10),(45,16,'9790-04-18 17:29:00',10),(46,16,'9299-06-02 17:50:00',10),(46,16,'9530-10-19 11:21:00',1),(47,16,'9298-08-10 09:02:00',10),(50,16,'9464-05-26 12:16:00',5),(63,16,'9144-12-13 08:30:00',2),(65,16,'9436-12-03 11:57:00',5),(66,16,'9975-12-13 08:57:00',3),(67,16,'9675-08-28 14:49:00',7),(69,16,'9396-05-02 18:52:00',4),(74,16,'9109-03-03 13:54:00',5),(76,16,'9568-09-27 10:33:00',6),(80,16,'9209-01-15 10:12:00',8),(86,16,'9464-01-23 15:12:00',1),(86,16,'9537-05-24 16:15:00',2),(92,16,'9591-07-27 16:14:00',6),(93,16,'9959-01-11 15:07:00',3),(95,16,'9247-05-27 15:01:00',8),(97,16,'9252-11-08 12:36:00',5),(98,16,'9733-12-04 16:35:00',7),(99,16,'9367-01-04 09:17:00',5),(103,16,'9116-09-23 18:18:00',3),(107,16,'9081-12-27 15:28:00',5),(107,16,'9550-05-29 09:38:00',5),(110,16,'9383-03-26 16:38:00',6),(110,16,'9736-07-27 10:22:00',6),(111,16,'9264-07-14 15:15:00',4),(113,16,'9762-06-12 09:21:00',4),(114,16,'9764-11-03 13:19:00',7),(119,16,'9912-09-01 08:49:00',3),(120,16,'9820-06-03 15:12:00',6),(124,16,'9698-12-24 17:02:00',4),(1,17,'9097-07-07 13:04:00',8),(2,17,'9970-08-20 18:21:00',10),(3,17,'9104-05-21 11:50:00',2),(4,17,'9426-06-18 18:15:00',1),(9,17,'9103-08-30 14:50:00',10),(10,17,'9109-07-05 11:58:00',8),(14,17,'9255-04-27 13:36:00',9),(17,17,'9264-05-06 17:19:00',6),(19,17,'9253-01-30 15:56:00',10),(19,17,'9269-07-28 09:31:00',1),(20,17,'9143-04-20 09:17:00',8),(21,17,'9159-06-26 08:14:00',7),(21,17,'9884-12-03 10:56:00',6),(22,17,'9307-01-20 14:21:00',7),(23,17,'9135-03-15 16:58:00',5),(24,17,'9713-10-23 16:06:00',9),(26,17,'9083-08-27 09:31:00',2),(26,17,'9416-04-22 14:12:00',1),(26,17,'9849-05-02 12:58:00',4),(32,17,'9559-10-22 12:41:00',1),(37,17,'9112-08-13 13:43:00',5),(41,17,'9392-07-19 14:52:00',8),(42,17,'9125-12-02 17:03:00',2),(42,17,'9785-03-04 17:25:00',5),(43,17,'9432-04-16 10:31:00',8),(44,17,'9701-04-07 09:45:00',9),(47,17,'9303-03-06 09:11:00',10),(48,17,'9221-01-01 16:09:00',9),(48,17,'9282-07-28 16:27:00',6),(49,17,'9121-08-20 11:13:00',8),(49,17,'9326-10-17 08:15:00',4),(50,17,'9339-09-15 15:33:00',2),(50,17,'9455-07-17 15:19:00',8),(51,17,'9721-10-23 18:11:00',8),(52,17,'9285-09-08 11:25:00',8),(53,17,'9842-11-18 16:23:00',3),(54,17,'9661-12-06 17:16:00',1),(55,17,'9169-01-28 13:25:00',5),(55,17,'9701-05-08 10:40:00',4),(56,17,'9964-01-07 08:44:00',3),(57,17,'9276-09-26 12:41:00',3),(63,17,'9424-12-20 15:06:00',6),(63,17,'9876-12-16 09:27:00',1),(65,17,'9510-08-21 08:45:00',9),(66,17,'9291-07-19 10:11:00',10),(67,17,'9127-03-02 18:10:00',1),(68,17,'9866-03-15 12:10:00',3),(73,17,'9631-09-06 08:11:00',2),(74,17,'9004-07-29 11:03:00',4),(74,17,'9207-06-24 08:52:00',4),(80,17,'9437-12-07 18:41:00',1),(80,17,'9483-05-06 08:28:00',1),(82,17,'9440-12-19 17:09:00',6),(83,17,'9478-06-01 15:19:00',8),(84,17,'9038-02-23 14:37:00',3),(85,17,'9215-06-11 09:30:00',10),(85,17,'9280-02-11 11:16:00',5),(88,17,'9713-07-27 13:30:00',2),(88,17,'9959-06-28 12:12:00',4),(90,17,'9545-12-27 17:01:00',3),(94,17,'9618-08-20 10:37:00',2),(97,17,'9560-12-09 16:16:00',8),(99,17,'9854-07-17 11:15:00',4),(104,17,'9132-08-05 12:05:00',3),(104,17,'9653-04-20 14:17:00',4),(104,17,'9747-11-12 12:13:00',1),(106,17,'9725-02-01 10:01:00',5),(110,17,'9459-07-25 15:44:00',6),(110,17,'9831-02-23 15:15:00',5),(111,17,'9320-02-26 11:52:00',8),(114,17,'9639-03-01 11:54:00',5),(117,17,'9642-10-23 10:09:00',6),(119,17,'9095-02-08 11:28:00',8),(119,17,'9762-03-08 11:58:00',3),(123,17,'9806-08-21 12:18:00',1),(125,17,'9485-04-28 08:01:00',6),(125,17,'9814-06-30 18:58:00',3),(126,17,'9094-02-28 14:09:00',8),(2,18,'9106-08-27 15:38:00',6),(6,18,'9936-03-15 18:19:00',4),(7,18,'9796-04-04 11:16:00',6),(9,18,'9304-02-22 14:38:00',3),(10,18,'9285-12-24 11:23:00',10),(13,18,'9184-05-18 14:18:00',2),(13,18,'9580-11-13 13:06:00',2),(15,18,'9538-01-26 12:08:00',7),(16,18,'9736-06-11 10:10:00',2),(17,18,'9819-10-03 13:48:00',6),(18,18,'9333-04-23 10:54:00',7),(20,18,'9130-07-05 08:42:00',10),(24,18,'9487-08-25 11:13:00',6),(32,18,'9257-11-17 12:25:00',3),(35,18,'9321-12-22 14:10:00',8),(38,18,'9721-07-28 10:57:00',2),(39,18,'9623-03-17 10:43:00',6),(40,18,'9067-11-12 14:24:00',4),(41,18,'9141-02-20 10:49:00',2),(41,18,'9387-04-28 11:21:00',5),(41,18,'9565-05-06 10:59:00',3),(44,18,'9257-10-20 09:51:00',3),(45,18,'9471-06-06 12:15:00',3),(45,18,'9481-12-07 17:42:00',7),(47,18,'9148-11-17 10:37:00',10),(49,18,'9085-05-31 12:17:00',10),(50,18,'9240-03-13 16:50:00',5),(51,18,'9122-12-02 08:43:00',1),(55,18,'9782-05-27 13:54:00',2),(55,18,'9858-07-12 13:16:00',5),(56,18,'9579-07-08 12:12:00',2),(59,18,'9777-04-02 08:13:00',1),(60,18,'9545-06-19 18:08:00',4),(61,18,'9173-04-07 13:18:00',2),(62,18,'9002-08-28 18:28:00',6),(66,18,'9081-06-02 18:07:00',9),(66,18,'9905-03-07 08:08:00',9),(67,18,'9861-04-21 12:16:00',9),(68,18,'9197-03-01 15:15:00',10),(69,18,'9225-08-14 11:03:00',5),(69,18,'9861-07-08 10:17:00',3),(71,18,'9770-02-05 12:22:00',3),(72,18,'9840-12-02 16:47:00',7),(73,18,'9514-02-02 17:59:00',2),(75,18,'9333-01-04 14:03:00',5),(76,18,'9518-01-29 16:59:00',10),(77,18,'9679-02-27 11:38:00',9),(77,18,'9803-03-06 15:52:00',7),(85,18,'9786-11-26 11:34:00',8),(86,18,'9775-06-03 14:14:00',9),(92,18,'9602-12-17 09:04:00',4),(93,18,'9031-08-18 17:03:00',4),(93,18,'9072-02-28 08:31:00',3),(97,18,'9969-05-14 18:06:00',9),(103,18,'9070-12-15 16:10:00',4),(105,18,'9650-09-29 18:34:00',8),(105,18,'9954-07-31 13:38:00',1),(106,18,'9315-04-07 12:37:00',10),(106,18,'9755-10-08 14:46:00',2),(109,18,'9381-08-21 16:00:00',4),(110,18,'9953-02-18 17:00:00',6),(117,18,'9841-04-28 18:18:00',7),(119,18,'9499-08-06 14:11:00',5),(120,18,'9598-08-09 09:28:00',1),(122,18,'9582-08-22 10:22:00',1),(123,18,'9969-04-26 12:31:00',1),(125,18,'9373-09-29 08:27:00',6),(125,18,'9863-11-29 09:39:00',6),(2,19,'9430-04-04 10:49:00',6),(2,19,'9942-08-10 18:16:00',2),(5,19,'9507-11-07 09:55:00',3),(5,19,'9668-10-20 13:02:00',9),(5,19,'9997-08-18 13:11:00',9),(11,19,'9710-08-29 13:32:00',4),(14,19,'9486-03-20 09:18:00',6),(15,19,'9612-09-25 10:12:00',1),(16,19,'9181-01-08 18:39:00',9),(21,19,'9163-02-26 10:35:00',1),(21,19,'9601-09-23 14:15:00',1),(22,19,'9230-01-09 15:54:00',5),(23,19,'9948-08-28 13:50:00',7),(24,19,'9617-06-08 13:32:00',5),(25,19,'9461-05-09 16:56:00',2),(26,19,'9962-02-23 15:29:00',3),(29,19,'9759-05-29 08:40:00',9),(29,19,'9932-03-25 13:22:00',7),(32,19,'9830-07-26 17:03:00',7),(33,19,'9730-11-16 09:44:00',5),(34,19,'9480-03-12 08:30:00',3),(35,19,'9824-07-01 08:26:00',1),(36,19,'9716-05-19 10:52:00',6),(39,19,'9085-10-02 17:18:00',3),(39,19,'9099-03-20 15:07:00',1),(43,19,'9873-05-11 12:36:00',1),(44,19,'9127-08-03 17:19:00',2),(46,19,'9480-08-16 09:09:00',2),(48,19,'9527-05-25 15:07:00',5),(51,19,'9315-11-03 14:45:00',1),(51,19,'9754-12-12 17:56:00',6),(55,19,'9891-07-07 18:46:00',8),(57,19,'9076-02-15 11:47:00',8),(59,19,'9462-06-16 12:46:00',4),(66,19,'9086-11-01 14:10:00',5),(66,19,'9335-04-02 16:00:00',5),(66,19,'9702-01-01 18:23:00',6),(66,19,'9957-04-22 16:59:00',7),(67,19,'9961-02-07 09:21:00',2),(69,19,'9119-06-26 13:14:00',9),(70,19,'9918-12-18 10:17:00',8),(72,19,'9167-09-15 09:31:00',3),(75,19,'9182-01-15 16:36:00',8),(78,19,'9013-05-31 10:07:00',10),(78,19,'9088-06-12 09:31:00',5),(79,19,'9612-10-27 08:49:00',1),(81,19,'9006-07-07 12:27:00',2),(82,19,'9346-08-17 13:15:00',3),(83,19,'9342-05-26 10:22:00',3),(84,19,'9633-02-08 14:19:00',9),(84,19,'9691-06-30 08:05:00',5),(87,19,'9435-08-26 16:40:00',8),(90,19,'9444-07-26 18:31:00',4),(92,19,'9519-02-07 17:42:00',2),(95,19,'9691-04-07 16:38:00',10),(96,19,'9256-01-02 15:17:00',7),(99,19,'9209-05-05 09:59:00',10),(99,19,'9293-06-18 10:54:00',6),(99,19,'9891-11-10 10:39:00',5),(106,19,'9167-07-18 14:54:00',9),(107,19,'9207-12-04 13:28:00',4),(110,19,'9032-02-01 15:51:00',10),(113,19,'9192-06-28 15:26:00',2),(117,19,'9407-02-25 11:27:00',5),(118,19,'9683-03-20 18:10:00',7),(120,19,'9503-06-19 08:34:00',1),(121,19,'9307-08-02 11:15:00',7),(123,19,'9227-03-16 13:30:00',5),(123,19,'9238-11-30 14:32:00',2),(125,19,'9596-08-24 11:28:00',1),(128,19,'9137-05-19 18:12:00',5),(3,20,'9097-01-26 09:45:00',5),(3,20,'9184-05-06 10:33:00',4),(15,20,'9100-03-08 15:59:00',10),(18,20,'9241-07-16 17:52:00',4),(21,20,'9180-08-09 08:46:00',7),(21,20,'9813-01-12 09:46:00',3),(25,20,'9756-02-05 08:27:00',7),(25,20,'9842-02-06 15:15:00',4),(27,20,'9297-02-13 12:29:00',2),(27,20,'9819-06-21 10:25:00',5),(28,20,'9086-05-31 10:13:00',9),(28,20,'9423-08-07 10:48:00',4),(32,20,'9496-08-05 15:59:00',3),(38,20,'9430-02-28 09:13:00',1),(39,20,'9718-03-12 16:19:00',6),(46,20,'9907-01-17 10:38:00',1),(53,20,'9697-12-04 11:30:00',7),(55,20,'9046-10-14 11:10:00',1),(55,20,'9425-11-03 12:33:00',4),(56,20,'9059-08-15 16:38:00',7),(57,20,'9281-10-04 09:05:00',10),(58,20,'9227-06-27 13:34:00',6),(60,20,'9089-01-16 08:46:00',8),(62,20,'9155-07-17 12:01:00',3),(63,20,'9799-05-08 15:21:00',1),(65,20,'9557-11-29 09:28:00',6),(65,20,'9675-08-04 11:46:00',9),(65,20,'9844-03-27 11:33:00',2),(65,20,'9964-12-19 17:45:00',1),(67,20,'9399-11-27 13:52:00',7),(67,20,'9967-06-12 10:26:00',2),(70,20,'9114-06-09 11:18:00',1),(74,20,'9701-07-08 09:24:00',5),(81,20,'9206-08-26 08:07:00',1),(82,20,'9737-09-24 18:52:00',7),(85,20,'9429-12-17 11:38:00',4),(88,20,'9314-06-28 17:06:00',7),(91,20,'9097-10-19 14:32:00',3),(92,20,'9973-02-21 11:45:00',3),(94,20,'9404-03-26 09:38:00',10),(95,20,'9714-03-28 15:09:00',1),(95,20,'9826-03-17 16:25:00',8),(95,20,'9826-03-18 13:24:00',3),(99,20,'9531-03-12 12:57:00',1),(101,20,'9798-02-12 09:27:00',3),(102,20,'9635-06-02 12:14:00',5),(103,20,'9948-10-28 09:49:00',9),(104,20,'9883-07-24 11:14:00',9),(105,20,'9623-12-15 18:20:00',3),(108,20,'9091-12-16 08:53:00',1),(110,20,'9642-09-26 12:04:00',9),(111,20,'9288-08-11 13:53:00',9),(112,20,'9678-12-22 15:28:00',6),(113,20,'9542-04-06 10:46:00',3),(114,20,'9426-07-09 17:43:00',8),(123,20,'9004-04-20 18:24:00',1),(123,20,'9416-04-19 18:00:00',1),(2,21,'9232-10-10 14:43:00',9),(3,21,'9897-12-29 18:07:00',6),(4,21,'9068-08-19 08:15:00',8),(4,21,'9734-06-20 11:46:00',4),(7,21,'9705-02-27 13:10:00',3),(9,21,'9751-12-08 13:16:00',1),(12,21,'9122-04-09 13:33:00',8),(13,21,'9208-07-12 18:37:00',9),(16,21,'9576-09-06 17:39:00',8),(18,21,'9242-08-26 17:32:00',1),(20,21,'9516-10-19 18:21:00',5),(21,21,'9735-11-02 14:05:00',3),(24,21,'9874-12-26 14:31:00',9),(27,21,'9484-06-15 08:15:00',10),(28,21,'9851-02-10 09:19:00',6),(30,21,'9035-11-10 11:09:00',1),(30,21,'9080-04-08 16:52:00',10),(34,21,'9446-03-12 12:48:00',3),(34,21,'9886-01-10 10:07:00',7),(37,21,'9093-10-23 13:36:00',3),(37,21,'9586-03-03 09:58:00',5),(41,21,'9195-07-10 18:49:00',9),(41,21,'9927-01-19 08:14:00',9),(49,21,'9017-03-03 15:45:00',3),(49,21,'9130-10-25 14:42:00',4),(54,21,'9815-06-24 12:47:00',7),(56,21,'9066-10-31 15:01:00',5),(56,21,'9670-05-09 12:41:00',6),(58,21,'9179-11-10 14:13:00',9),(58,21,'9537-02-19 11:48:00',2),(60,21,'9156-09-02 12:14:00',6),(61,21,'9993-11-29 14:28:00',6),(62,21,'9503-11-18 16:40:00',6),(63,21,'9921-12-15 18:31:00',5),(69,21,'9086-04-23 08:56:00',10),(69,21,'9286-09-23 10:16:00',6),(70,21,'9987-05-24 15:23:00',2),(72,21,'9408-08-25 15:04:00',6),(72,21,'9565-01-18 12:33:00',2),(79,21,'9164-01-14 13:46:00',7),(79,21,'9711-06-26 10:04:00',4),(79,21,'9896-02-26 17:16:00',6),(83,21,'9755-06-15 16:50:00',2),(86,21,'9311-06-24 17:45:00',4),(86,21,'9963-07-14 18:59:00',2),(93,21,'9964-12-12 15:50:00',2),(96,21,'9150-07-10 17:18:00',1),(97,21,'9616-12-23 12:04:00',3),(97,21,'9804-04-06 18:54:00',10),(99,21,'9071-09-02 09:57:00',8),(101,21,'9012-03-10 17:50:00',1),(101,21,'9372-09-24 17:11:00',2),(102,21,'9361-01-11 08:24:00',6),(104,21,'9528-10-15 16:12:00',1),(104,21,'9656-09-18 14:48:00',5),(110,21,'9693-04-28 17:15:00',9),(111,21,'9503-03-03 14:11:00',1),(112,21,'9064-04-27 08:58:00',9),(112,21,'9456-10-06 09:45:00',2),(118,21,'9758-01-09 10:24:00',8),(119,21,'9103-10-15 18:24:00',4),(119,21,'9126-11-04 16:32:00',8),(120,21,'9429-02-16 13:26:00',2),(124,21,'9457-09-01 13:22:00',1),(124,21,'9846-02-05 14:47:00',8),(127,21,'9038-03-10 18:38:00',8),(127,21,'9725-05-09 16:39:00',9),(4,22,'9261-07-03 08:12:00',8),(9,22,'9358-06-26 16:38:00',5),(17,22,'9174-02-07 12:31:00',7),(17,22,'9569-01-25 10:50:00',7),(17,22,'9977-06-06 16:59:00',3),(24,22,'9790-05-20 18:23:00',7),(25,22,'9199-12-18 16:59:00',1),(35,22,'9144-10-04 10:18:00',9),(35,22,'9638-02-21 09:20:00',2),(35,22,'9897-03-18 13:02:00',7),(36,22,'9155-10-12 09:30:00',2),(38,22,'9076-04-07 18:36:00',3),(39,22,'9531-08-30 10:41:00',3),(39,22,'9792-12-27 08:08:00',9),(41,22,'9385-05-29 08:26:00',8),(43,22,'9166-02-23 15:20:00',1),(43,22,'9530-01-08 17:31:00',8),(46,22,'9835-01-27 10:35:00',8),(47,22,'9260-08-05 16:01:00',7),(55,22,'9634-09-19 15:42:00',4),(55,22,'9658-07-04 13:58:00',7),(57,22,'9566-01-26 14:24:00',2),(59,22,'9645-01-30 12:30:00',9),(60,22,'9045-03-03 11:16:00',8),(61,22,'9286-12-25 15:08:00',4),(62,22,'9950-06-30 16:26:00',2),(64,22,'9424-06-07 15:23:00',2),(64,22,'9843-12-18 10:38:00',7),(69,22,'9272-10-06 16:36:00',3),(75,22,'9073-03-18 08:04:00',8),(77,22,'9745-12-08 18:58:00',1),(81,22,'9235-01-12 09:48:00',4),(82,22,'9932-03-09 13:29:00',9),(83,22,'9994-12-15 08:55:00',9),(86,22,'9158-05-09 15:09:00',7),(87,22,'9549-08-06 10:51:00',9),(91,22,'9024-04-12 14:52:00',2),(91,22,'9027-04-24 13:43:00',5),(92,22,'9007-01-02 11:15:00',9),(92,22,'9097-12-23 18:12:00',1),(101,22,'9446-07-24 18:27:00',4),(104,22,'9082-10-31 16:34:00',10),(105,22,'9475-08-29 18:21:00',2),(106,22,'9244-04-26 11:36:00',2),(107,22,'9294-02-20 18:47:00',6),(107,22,'9308-03-13 08:59:00',8),(107,22,'9399-01-10 14:17:00',6),(109,22,'9357-09-12 10:43:00',10),(110,22,'9478-07-11 13:19:00',4),(115,22,'9453-06-13 18:33:00',3),(117,22,'9442-11-22 15:48:00',7),(121,22,'9819-05-28 10:02:00',2),(125,22,'9124-05-18 10:51:00',5),(128,22,'9042-11-17 16:08:00',3),(2,23,'9927-08-01 12:14:00',4),(5,23,'9108-11-24 10:43:00',10),(6,23,'9434-12-25 12:46:00',1),(8,23,'9175-06-17 16:16:00',10),(8,23,'9350-10-07 14:11:00',4),(8,23,'9944-08-02 09:52:00',4),(9,23,'9774-08-26 17:28:00',2),(22,23,'9225-09-24 18:39:00',1),(23,23,'9489-06-11 16:26:00',9),(24,23,'9373-03-09 09:38:00',8),(26,23,'9552-01-06 18:02:00',10),(27,23,'9298-04-28 12:02:00',1),(30,23,'9231-10-08 08:55:00',3),(32,23,'9880-10-31 14:54:00',5),(34,23,'9386-06-07 11:48:00',9),(35,23,'9019-12-13 10:21:00',1),(35,23,'9081-03-23 15:33:00',7),(36,23,'9128-10-19 12:23:00',2),(36,23,'9913-05-01 11:28:00',5),(41,23,'9525-04-18 15:20:00',2),(43,23,'9230-10-24 11:01:00',6),(44,23,'9583-01-26 13:20:00',10),(46,23,'9087-12-08 14:57:00',2),(49,23,'9855-01-08 08:39:00',5),(49,23,'9908-06-05 15:25:00',2),(50,23,'9770-08-28 08:39:00',4),(51,23,'9363-11-04 18:40:00',6),(53,23,'9917-08-21 13:06:00',4),(54,23,'9330-05-26 10:47:00',3),(54,23,'9711-06-25 15:16:00',7),(54,23,'9830-05-16 08:19:00',9),(55,23,'9211-07-25 18:44:00',2),(55,23,'9255-01-18 08:45:00',6),(55,23,'9493-11-08 14:28:00',10),(57,23,'9978-03-05 14:48:00',5),(58,23,'9394-05-07 18:49:00',5),(58,23,'9641-07-08 09:41:00',2),(58,23,'9911-03-06 17:07:00',5),(60,23,'9134-08-11 09:36:00',7),(61,23,'9086-09-23 08:53:00',5),(61,23,'9879-10-30 14:41:00',1),(62,23,'9250-04-01 13:26:00',9),(65,23,'9186-06-04 18:51:00',5),(66,23,'9095-02-07 13:26:00',2),(68,23,'9423-10-14 15:42:00',10),(68,23,'9549-05-23 18:18:00',8),(71,23,'9446-11-16 18:52:00',7),(71,23,'9807-04-27 17:23:00',5),(72,23,'9032-07-12 08:45:00',9),(73,23,'9067-09-18 13:27:00',9),(75,23,'9710-07-17 13:57:00',8),(78,23,'9187-12-27 08:46:00',5),(79,23,'9992-06-13 18:09:00',3),(85,23,'9472-09-03 17:30:00',6),(87,23,'9608-01-25 11:00:00',4),(89,23,'9516-10-18 15:18:00',9),(91,23,'9147-02-14 08:24:00',2),(91,23,'9426-05-27 13:25:00',5),(92,23,'9198-08-09 10:03:00',2),(92,23,'9970-03-08 09:08:00',1),(93,23,'9304-05-21 18:57:00',9),(93,23,'9923-09-24 15:07:00',1),(95,23,'9253-07-06 18:26:00',3),(95,23,'9417-11-30 12:03:00',10),(97,23,'9068-07-25 16:04:00',10),(98,23,'9124-08-13 08:01:00',6),(99,23,'9147-09-12 09:13:00',2),(101,23,'9258-07-23 17:41:00',3),(102,23,'9746-05-08 09:18:00',8),(103,23,'9405-10-09 12:35:00',5),(105,23,'9466-01-31 11:57:00',2),(108,23,'9714-11-07 10:27:00',5),(112,23,'9174-01-19 16:52:00',1),(116,23,'9542-04-13 09:28:00',8),(123,23,'9947-05-10 16:26:00',8),(124,23,'9391-02-05 10:19:00',2),(124,23,'9857-01-11 09:58:00',1),(125,23,'9221-02-04 10:21:00',9),(125,23,'9253-03-05 13:20:00',9),(1,24,'9389-01-02 16:05:00',6),(2,24,'9081-05-05 12:28:00',6),(2,24,'9545-01-10 12:13:00',3),(3,24,'9539-08-19 08:15:00',7),(4,24,'9372-02-24 09:39:00',1),(4,24,'9550-09-28 13:17:00',2),(5,24,'9527-04-01 13:03:00',8),(11,24,'9614-06-13 09:50:00',10),(15,24,'9991-04-06 14:04:00',5),(18,24,'9640-02-23 10:14:00',5),(20,24,'9350-12-15 15:33:00',2),(22,24,'9421-12-20 16:39:00',3),(22,24,'9447-04-20 13:13:00',1),(24,24,'9779-02-27 09:04:00',10),(26,24,'9178-05-17 17:09:00',3),(27,24,'9163-03-28 15:43:00',1),(27,24,'9597-12-19 13:51:00',3),(28,24,'9167-05-01 10:04:00',7),(32,24,'9136-07-30 09:18:00',3),(32,24,'9356-12-02 18:45:00',4),(35,24,'9630-07-04 08:15:00',1),(36,24,'9941-10-28 15:45:00',6),(37,24,'9129-04-26 13:22:00',8),(38,24,'9023-01-06 12:59:00',4),(40,24,'9589-07-27 14:54:00',5),(43,24,'9724-10-28 09:07:00',4),(47,24,'9224-01-17 08:48:00',5),(49,24,'9087-10-21 09:13:00',5),(49,24,'9171-11-19 17:39:00',9),(50,24,'9111-05-25 16:28:00',2),(53,24,'9197-04-21 15:47:00',4),(54,24,'9352-04-29 17:27:00',1),(56,24,'9089-08-28 11:46:00',4),(56,24,'9126-01-27 13:05:00',6),(56,24,'9850-09-25 09:08:00',5),(57,24,'9507-12-10 15:44:00',4),(59,24,'9407-03-21 13:29:00',9),(61,24,'9314-11-05 14:36:00',8),(63,24,'9487-05-16 10:06:00',2),(64,24,'9592-08-04 16:15:00',2),(65,24,'9246-03-16 11:45:00',2),(67,24,'9353-07-16 18:39:00',1),(68,24,'9951-12-28 13:22:00',10),(72,24,'9542-04-19 10:43:00',4),(72,24,'9977-11-18 13:47:00',5),(77,24,'9308-08-21 09:45:00',10),(78,24,'9011-11-23 12:20:00',9),(83,24,'9760-10-25 16:59:00',5),(84,24,'9593-05-14 09:17:00',8),(85,24,'9153-02-13 08:52:00',3),(87,24,'9178-06-28 15:51:00',3),(88,24,'9502-02-02 11:13:00',9),(88,24,'9527-07-11 14:59:00',9),(88,24,'9845-10-30 14:20:00',10),(91,24,'9436-11-22 18:59:00',10),(96,24,'9541-08-15 11:30:00',8),(97,24,'9345-12-27 14:00:00',10),(97,24,'9762-05-29 13:34:00',10),(97,24,'9998-11-12 16:17:00',5),(99,24,'9924-04-25 16:54:00',6),(100,24,'9320-09-13 11:14:00',3),(102,24,'9146-04-11 17:59:00',6),(103,24,'9870-12-06 12:58:00',3),(105,24,'9224-11-08 10:37:00',2),(105,24,'9307-12-09 18:25:00',10),(108,24,'9515-01-28 15:18:00',8),(108,24,'9746-01-27 08:37:00',8),(115,24,'9853-01-06 08:06:00',2),(118,24,'9636-06-10 10:04:00',9),(120,24,'9830-06-02 18:34:00',2),(122,24,'9074-05-21 09:21:00',9),(126,24,'9013-08-31 08:12:00',7),(127,24,'9058-11-30 14:45:00',2),(5,25,'9102-11-06 12:33:00',9),(5,25,'9483-08-03 16:06:00',7),(9,25,'9099-06-28 17:33:00',8),(11,25,'9472-11-25 12:46:00',9),(16,25,'9231-07-24 12:17:00',1),(18,25,'9195-01-04 18:37:00',8),(19,25,'9297-09-21 15:51:00',6),(21,25,'9523-03-12 11:50:00',1),(23,25,'9731-08-07 16:56:00',8),(26,25,'9065-07-25 11:39:00',9),(26,25,'9761-07-26 16:51:00',1),(26,25,'9911-12-10 14:37:00',1),(27,25,'9277-01-07 18:42:00',7),(29,25,'9548-05-02 12:52:00',10),(31,25,'9691-12-30 16:28:00',7),(31,25,'9912-03-21 17:19:00',6),(35,25,'9260-06-23 09:05:00',3),(39,25,'9245-01-21 09:21:00',1),(41,25,'9374-09-19 14:48:00',5),(48,25,'9147-11-13 12:35:00',3),(52,25,'9181-04-09 16:34:00',1),(52,25,'9597-05-24 14:15:00',1),(56,25,'9753-05-01 09:49:00',3),(58,25,'9113-07-23 14:30:00',10),(63,25,'9201-12-01 12:16:00',9),(67,25,'9829-11-27 14:30:00',6),(70,25,'9486-02-28 13:44:00',6),(71,25,'9526-05-16 11:41:00',7),(72,25,'9153-03-04 10:53:00',2),(73,25,'9255-10-04 18:50:00',3),(81,25,'9637-04-12 08:52:00',7),(82,25,'9438-07-27 11:26:00',8),(86,25,'9060-09-18 10:27:00',7),(87,25,'9015-04-28 11:09:00',4),(95,25,'9097-12-31 17:18:00',6),(95,25,'9974-03-19 13:14:00',7),(96,25,'9262-01-27 15:41:00',7),(96,25,'9278-02-22 10:52:00',2),(97,25,'9062-05-23 15:39:00',10),(99,25,'9197-08-30 14:28:00',7),(99,25,'9291-10-30 10:49:00',7),(99,25,'9669-06-11 08:32:00',8),(100,25,'9500-07-05 14:01:00',2),(100,25,'9546-04-04 11:48:00',10),(103,25,'9325-06-23 17:43:00',7),(103,25,'9809-07-27 16:20:00',6),(105,25,'9788-10-16 09:41:00',2),(106,25,'9627-04-10 14:21:00',10),(113,25,'9600-05-15 14:45:00',6),(116,25,'9787-01-01 11:58:00',2),(117,25,'9687-09-23 16:59:00',8),(118,25,'9241-12-07 15:28:00',1),(120,25,'9916-01-01 17:09:00',5),(120,25,'9969-02-08 09:51:00',8),(122,25,'9472-04-15 12:19:00',9),(125,25,'9669-03-22 16:33:00',10),(1,26,'9367-06-22 13:03:00',9),(4,26,'9374-02-19 12:55:00',6),(5,26,'9881-05-02 11:44:00',8),(12,26,'9306-06-15 15:59:00',9),(14,26,'9148-12-10 14:31:00',6),(14,26,'9252-10-22 13:31:00',8),(14,26,'9958-07-25 13:38:00',5),(15,26,'9874-11-29 12:42:00',8),(16,26,'9059-09-24 13:57:00',7),(16,26,'9764-03-01 10:32:00',4),(19,26,'9917-04-17 15:52:00',7),(25,26,'9218-06-14 15:02:00',4),(26,26,'9801-01-29 17:06:00',8),(26,26,'9923-05-30 09:43:00',9),(28,26,'9277-05-05 08:57:00',10),(28,26,'9522-08-17 12:11:00',4),(30,26,'9333-03-02 16:36:00',3),(31,26,'9396-03-04 09:37:00',5),(32,26,'9065-11-15 18:20:00',3),(33,26,'9927-11-14 08:12:00',10),(34,26,'9806-01-13 10:39:00',8),(36,26,'9646-01-09 13:42:00',7),(37,26,'9446-03-07 09:29:00',4),(40,26,'9899-11-21 16:29:00',3),(41,26,'9365-05-09 14:10:00',6),(43,26,'9724-01-29 17:16:00',1),(46,26,'9419-01-18 18:34:00',1),(51,26,'9022-09-06 12:35:00',1),(52,26,'9162-04-25 15:56:00',3),(52,26,'9711-05-08 17:24:00',6),(54,26,'9125-02-01 08:11:00',2),(57,26,'9858-11-17 18:58:00',8),(58,26,'9205-12-17 12:50:00',7),(62,26,'9121-08-11 16:06:00',5),(62,26,'9254-06-03 08:31:00',6),(65,26,'9018-03-07 17:03:00',4),(65,26,'9026-01-03 17:10:00',6),(73,26,'9501-09-10 15:32:00',7),(79,26,'9982-11-23 18:14:00',2),(81,26,'9221-09-28 12:16:00',2),(82,26,'9260-05-14 17:13:00',7),(83,26,'9305-06-10 18:26:00',7),(83,26,'9323-11-23 13:39:00',1),(83,26,'9613-09-03 10:50:00',6),(87,26,'9272-01-01 14:49:00',5),(87,26,'9552-12-29 15:59:00',5),(87,26,'9650-05-05 09:54:00',2),(89,26,'9555-07-19 18:46:00',6),(91,26,'9817-04-05 17:11:00',6),(98,26,'9065-06-19 11:59:00',9),(100,26,'9527-09-09 16:26:00',7),(100,26,'9981-07-11 13:23:00',7),(102,26,'9603-02-12 11:36:00',3),(103,26,'9187-10-26 12:11:00',6),(105,26,'9759-03-21 08:52:00',4),(106,26,'9299-07-02 18:11:00',5),(106,26,'9412-06-05 09:50:00',7),(110,26,'9769-06-24 17:22:00',10),(110,26,'9906-08-10 18:57:00',1),(115,26,'9131-02-20 13:44:00',6),(117,26,'9355-04-23 16:00:00',1),(117,26,'9561-03-20 14:59:00',3),(119,26,'9095-04-29 16:12:00',4),(122,26,'9042-07-19 11:05:00',2),(122,26,'9945-07-02 17:34:00',5),(124,26,'9317-10-05 09:36:00',10),(124,26,'9439-11-25 09:13:00',8),(125,26,'9324-05-28 12:52:00',7),(128,26,'9275-05-24 18:22:00',4),(128,26,'9364-08-02 13:50:00',7),(2,27,'9321-03-23 13:29:00',8),(2,27,'9375-04-09 18:44:00',1),(3,27,'9930-11-09 08:29:00',8),(5,27,'9352-11-30 16:21:00',10),(7,27,'9928-12-07 09:06:00',7),(18,27,'9808-08-02 14:36:00',10),(19,27,'9673-10-11 15:12:00',9),(20,27,'9187-01-10 16:51:00',3),(21,27,'9762-09-12 16:48:00',6),(28,27,'9788-03-08 12:27:00',10),(28,27,'9897-03-30 17:13:00',3),(31,27,'9077-02-28 15:07:00',7),(31,27,'9302-06-04 16:41:00',8),(31,27,'9694-08-01 15:15:00',5),(35,27,'9724-12-25 13:34:00',5),(36,27,'9411-12-16 10:51:00',3),(38,27,'9867-08-07 18:18:00',9),(38,27,'9958-06-12 16:58:00',2),(42,27,'9948-03-10 12:19:00',10),(43,27,'9182-01-23 13:00:00',1),(46,27,'9596-04-02 18:01:00',3),(52,27,'9383-01-23 16:21:00',6),(52,27,'9563-07-16 18:27:00',8),(54,27,'9757-02-06 16:50:00',9),(57,27,'9647-08-10 10:53:00',8),(57,27,'9680-03-23 18:37:00',6),(57,27,'9973-04-21 16:50:00',2),(65,27,'9488-12-08 16:03:00',2),(68,27,'9176-11-10 18:58:00',5),(70,27,'9295-01-25 09:48:00',3),(71,27,'9574-05-03 12:25:00',10),(72,27,'9131-12-06 10:11:00',1),(75,27,'9018-12-16 15:04:00',2),(75,27,'9692-02-01 15:22:00',5),(77,27,'9390-09-26 16:54:00',4),(83,27,'9575-05-19 11:36:00',1),(87,27,'9135-10-23 11:06:00',10),(93,27,'9002-07-09 17:18:00',6),(96,27,'9558-11-18 14:27:00',9),(99,27,'9865-11-07 10:29:00',4),(103,27,'9855-05-11 11:36:00',9),(105,27,'9723-01-19 11:25:00',8),(106,27,'9018-11-04 11:05:00',5),(107,27,'9775-12-09 11:28:00',9),(108,27,'9210-02-11 18:12:00',8),(111,27,'9150-09-29 15:40:00',5),(112,27,'9448-07-05 08:54:00',3),(115,27,'9145-01-22 15:36:00',9),(115,27,'9686-09-29 17:44:00',5),(116,27,'9187-07-10 13:15:00',9),(118,27,'9237-01-21 10:13:00',8),(118,27,'9259-08-29 15:45:00',7),(128,27,'9690-07-14 15:38:00',6),(6,28,'9399-02-21 12:19:00',7),(8,28,'9505-10-02 17:30:00',8),(9,28,'9145-03-04 13:38:00',10),(9,28,'9404-05-28 15:33:00',9),(14,28,'9448-02-24 15:19:00',5),(14,28,'9485-09-21 18:19:00',4),(18,28,'9464-10-05 09:09:00',3),(23,28,'9673-06-21 14:08:00',2),(26,28,'9204-12-27 14:54:00',8),(27,28,'9222-12-21 09:14:00',2),(27,28,'9966-09-23 12:17:00',4),(28,28,'9283-11-28 15:41:00',1),(29,28,'9638-02-23 18:37:00',2),(32,28,'9024-05-05 16:48:00',8),(36,28,'9466-10-19 12:22:00',4),(41,28,'9195-11-18 12:38:00',5),(43,28,'9620-12-14 08:05:00',5),(45,28,'9702-01-29 11:14:00',6),(45,28,'9784-08-10 16:44:00',3),(46,28,'9192-06-19 16:48:00',5),(53,28,'9452-07-26 11:50:00',9),(53,28,'9920-11-19 13:24:00',2),(58,28,'9333-06-05 17:00:00',8),(58,28,'9442-08-09 09:28:00',4),(61,28,'9529-01-20 13:06:00',9),(61,28,'9729-08-02 16:15:00',10),(63,28,'9137-09-20 17:28:00',2),(64,28,'9425-11-27 18:52:00',3),(64,28,'9457-07-24 15:57:00',3),(65,28,'9205-12-31 13:48:00',7),(67,28,'9169-08-30 16:25:00',9),(67,28,'9788-04-15 09:06:00',8),(70,28,'9382-03-27 14:03:00',4),(71,28,'9844-01-07 17:55:00',8),(72,28,'9424-04-25 17:29:00',8),(74,28,'9597-02-01 18:26:00',1),(78,28,'9696-01-30 08:02:00',5),(79,28,'9146-03-24 09:31:00',3),(80,28,'9827-05-11 15:07:00',7),(85,28,'9202-07-03 16:11:00',10),(85,28,'9974-09-13 16:48:00',8),(87,28,'9084-04-10 09:40:00',7),(87,28,'9401-02-16 17:22:00',4),(88,28,'9461-02-27 11:47:00',7),(88,28,'9637-08-20 08:20:00',4),(90,28,'9294-06-10 11:31:00',1),(93,28,'9231-09-30 09:17:00',3),(94,28,'9566-03-21 15:22:00',4),(96,28,'9048-11-15 14:36:00',10),(96,28,'9193-06-10 10:48:00',7),(100,28,'9537-08-25 15:47:00',5),(101,28,'9528-02-15 11:52:00',10),(117,28,'9829-01-26 12:11:00',4),(119,28,'9379-10-11 18:37:00',1),(121,28,'9010-04-11 10:31:00',1),(125,28,'9582-06-14 13:08:00',5),(127,28,'9986-12-26 09:43:00',7),(1,29,'9783-07-14 14:47:00',1),(2,29,'9037-08-26 10:48:00',4),(4,29,'9089-01-18 16:58:00',6),(5,29,'9689-04-21 16:15:00',3),(6,29,'9162-11-21 09:13:00',2),(6,29,'9514-09-05 18:56:00',5),(6,29,'9944-07-18 16:17:00',10),(9,29,'9195-03-02 12:09:00',7),(12,29,'9288-05-16 10:03:00',3),(13,29,'9332-01-21 14:30:00',10),(14,29,'9277-06-17 12:16:00',10),(14,29,'9286-09-08 10:32:00',1),(17,29,'9831-03-27 11:55:00',9),(17,29,'9858-09-16 11:16:00',7),(21,29,'9752-01-27 16:58:00',6),(23,29,'9297-10-07 10:52:00',2),(25,29,'9661-08-28 09:12:00',8),(33,29,'9519-07-27 09:10:00',8),(33,29,'9711-03-25 13:09:00',5),(35,29,'9621-02-06 09:21:00',1),(36,29,'9686-01-23 11:53:00',3),(39,29,'9696-10-07 17:47:00',1),(40,29,'9696-10-26 09:48:00',5),(41,29,'9612-06-07 16:14:00',5),(42,29,'9563-04-22 16:42:00',4),(43,29,'9467-11-25 15:21:00',2),(48,29,'9296-04-24 14:04:00',3),(48,29,'9965-09-09 13:01:00',5),(50,29,'9610-08-20 10:18:00',8),(50,29,'9797-03-18 17:04:00',1),(51,29,'9069-01-06 11:43:00',8),(57,29,'9277-07-29 16:44:00',6),(57,29,'9714-09-17 16:07:00',8),(57,29,'9908-08-28 13:10:00',4),(58,29,'9476-12-18 10:56:00',9),(61,29,'9417-02-03 08:15:00',3),(62,29,'9424-04-12 16:36:00',3),(63,29,'9101-09-12 14:02:00',7),(66,29,'9489-06-05 08:36:00',8),(67,29,'9978-07-09 09:21:00',6),(69,29,'9126-12-14 17:52:00',8),(69,29,'9868-03-06 14:52:00',10),(73,29,'9927-04-20 16:05:00',7),(75,29,'9208-08-25 09:03:00',8),(92,29,'9259-08-05 10:59:00',2),(94,29,'9651-01-13 17:08:00',7),(95,29,'9061-06-08 17:26:00',1),(95,29,'9229-05-19 15:59:00',8),(98,29,'9128-01-09 18:57:00',6),(99,29,'9245-06-25 08:16:00',3),(100,29,'9152-04-29 13:40:00',6),(103,29,'9063-12-19 14:00:00',2),(103,29,'9191-03-19 15:25:00',6),(104,29,'9394-12-24 15:03:00',1),(107,29,'9393-03-09 13:55:00',9),(108,29,'9986-07-21 12:35:00',8),(111,29,'9219-01-17 13:06:00',2),(112,29,'9375-10-07 14:07:00',2),(112,29,'9543-09-07 15:19:00',10),(113,29,'9589-09-09 11:34:00',5),(114,29,'9030-09-03 13:00:00',9),(114,29,'9140-07-01 08:50:00',1),(114,29,'9889-12-23 13:31:00',8),(116,29,'9199-09-08 18:07:00',9),(116,29,'9819-12-10 17:29:00',4),(117,29,'9889-12-27 13:57:00',3),(118,29,'9034-02-12 11:37:00',6),(120,29,'9412-01-21 12:54:00',7),(122,29,'9722-11-15 09:22:00',1),(125,29,'9855-06-18 11:52:00',1),(126,29,'9723-01-20 09:27:00',7),(128,29,'9041-03-23 17:07:00',1),(1,30,'9215-11-28 18:30:00',8),(2,30,'9015-06-24 14:02:00',10),(5,30,'9436-01-21 08:43:00',3),(7,30,'9722-05-17 13:47:00',7),(9,30,'9328-12-18 09:57:00',4),(9,30,'9954-10-18 11:49:00',9),(10,30,'9004-12-16 08:40:00',5),(10,30,'9655-07-02 15:17:00',5),(10,30,'9767-05-25 10:54:00',4),(12,30,'9345-07-24 08:32:00',4),(14,30,'9032-03-17 14:29:00',5),(15,30,'9144-03-25 13:50:00',10),(17,30,'9568-08-28 18:09:00',6),(19,30,'9039-03-11 12:14:00',6),(21,30,'9172-07-25 10:23:00',3),(23,30,'9766-02-01 15:42:00',9),(31,30,'9717-08-19 08:04:00',8),(33,30,'9960-04-12 17:55:00',10),(34,30,'9258-07-22 08:06:00',1),(35,30,'9072-02-02 12:42:00',3),(38,30,'9261-05-25 13:29:00',5),(46,30,'9625-05-25 14:16:00',4),(46,30,'9984-08-18 17:32:00',8),(49,30,'9361-04-16 18:15:00',5),(49,30,'9998-03-24 18:40:00',2),(51,30,'9149-02-07 09:53:00',2),(51,30,'9870-12-03 12:17:00',7),(53,30,'9590-02-21 14:38:00',4),(57,30,'9970-09-15 08:57:00',7),(58,30,'9438-03-02 11:22:00',4),(62,30,'9824-06-30 10:43:00',10),(65,30,'9289-09-18 08:23:00',4),(69,30,'9104-02-27 12:07:00',5),(69,30,'9823-08-15 09:32:00',2),(70,30,'9441-07-22 10:40:00',6),(72,30,'9621-05-08 09:25:00',5),(73,30,'9665-06-19 13:41:00',3),(74,30,'9136-08-03 10:59:00',2),(75,30,'9444-12-12 17:39:00',7),(76,30,'9510-01-23 12:27:00',3),(79,30,'9421-11-25 10:30:00',7),(80,30,'9417-06-29 10:54:00',3),(82,30,'9029-07-11 17:02:00',4),(88,30,'9344-04-10 18:28:00',5),(90,30,'9256-12-21 08:38:00',4),(93,30,'9653-10-16 13:49:00',8),(96,30,'9167-05-28 14:59:00',10),(100,30,'9752-11-25 08:36:00',1),(102,30,'9431-08-11 17:48:00',1),(105,30,'9123-06-30 14:54:00',4),(106,30,'9355-02-12 09:38:00',6),(113,30,'9924-11-11 08:48:00',1),(118,30,'9573-02-07 17:30:00',4),(119,30,'9396-01-21 17:29:00',3),(122,30,'9798-02-02 14:02:00',8),(124,30,'9191-01-05 15:16:00',1),(128,30,'9788-09-22 08:45:00',5),(3,31,'9432-07-18 12:32:00',6),(3,31,'9606-05-18 16:09:00',4),(4,31,'9405-11-28 13:53:00',2),(7,31,'9679-06-10 15:31:00',7),(11,31,'9917-10-12 18:26:00',4),(15,31,'9388-06-03 15:57:00',9),(20,31,'9398-03-23 12:47:00',4),(20,31,'9736-11-21 08:36:00',8),(21,31,'9157-01-25 10:40:00',8),(21,31,'9977-09-14 09:27:00',7),(22,31,'9226-06-23 13:33:00',10),(27,31,'9453-03-17 10:28:00',2),(28,31,'9615-09-18 14:50:00',5),(29,31,'9927-08-12 13:35:00',4),(30,31,'9132-11-11 14:23:00',9),(31,31,'9107-06-03 10:18:00',6),(31,31,'9682-12-16 13:26:00',2),(32,31,'9762-03-18 08:44:00',4),(39,31,'9250-06-30 11:27:00',2),(39,31,'9784-06-23 14:59:00',2),(40,31,'9272-05-11 17:52:00',7),(40,31,'9527-09-08 13:21:00',10),(43,31,'9218-01-16 18:19:00',4),(44,31,'9042-01-02 10:50:00',4),(44,31,'9776-02-26 17:35:00',1),(46,31,'9670-06-25 15:28:00',1),(49,31,'9968-07-06 12:51:00',6),(52,31,'9864-06-02 10:31:00',8),(54,31,'9014-06-16 12:25:00',4),(55,31,'9772-02-03 16:45:00',4),(55,31,'9973-06-06 18:51:00',9),(64,31,'9108-02-26 09:40:00',2),(68,31,'9916-03-05 18:21:00',1),(71,31,'9510-12-23 12:12:00',1),(71,31,'9852-09-12 13:54:00',9),(78,31,'9658-06-24 08:54:00',4),(79,31,'9875-12-03 08:09:00',1),(80,31,'9167-02-01 13:57:00',10),(84,31,'9065-04-03 18:59:00',8),(84,31,'9312-01-09 08:14:00',8),(86,31,'9728-05-07 12:27:00',8),(90,31,'9026-01-16 14:29:00',2),(92,31,'9371-02-28 12:09:00',5),(93,31,'9277-06-04 12:09:00',3),(94,31,'9047-04-19 08:18:00',6),(96,31,'9424-09-02 16:27:00',3),(96,31,'9842-03-31 08:34:00',7),(99,31,'9096-04-05 14:45:00',6),(102,31,'9383-12-03 08:31:00',9),(106,31,'9458-03-10 12:17:00',4),(115,31,'9490-09-06 14:52:00',4),(116,31,'9605-01-06 10:12:00',5),(117,31,'9529-03-20 09:51:00',3),(124,31,'9643-11-14 15:13:00',5),(128,31,'9926-06-14 18:29:00',7),(1,32,'9781-09-09 14:17:00',10),(3,32,'9523-08-05 12:43:00',6),(15,32,'9494-12-04 18:50:00',2),(17,32,'9131-02-26 17:44:00',2),(17,32,'9505-02-23 08:30:00',10),(19,32,'9733-01-12 09:50:00',3),(20,32,'9017-05-20 17:01:00',4),(20,32,'9561-06-18 14:15:00',4),(20,32,'9927-01-14 13:47:00',2),(21,32,'9618-12-05 09:54:00',9),(26,32,'9812-09-18 16:14:00',9),(28,32,'9987-05-28 17:02:00',3),(31,32,'9201-04-26 12:59:00',10),(32,32,'9432-07-19 12:46:00',5),(34,32,'9131-10-09 12:11:00',2),(34,32,'9824-03-23 08:46:00',3),(40,32,'9044-01-24 14:03:00',4),(41,32,'9989-12-13 10:35:00',8),(46,32,'9320-04-09 16:10:00',7),(49,32,'9792-03-10 16:33:00',5),(51,32,'9717-05-25 13:33:00',3),(52,32,'9157-12-16 18:49:00',1),(55,32,'9018-01-04 16:50:00',1),(55,32,'9469-03-06 17:26:00',8),(58,32,'9810-09-17 09:44:00',6),(62,32,'9101-10-08 11:21:00',6),(66,32,'9546-01-17 18:28:00',2),(67,32,'9057-11-15 16:42:00',4),(67,32,'9479-07-26 13:00:00',8),(70,32,'9385-06-29 09:26:00',5),(70,32,'9703-04-13 15:31:00',9),(73,32,'9211-05-01 15:04:00',8),(75,32,'9831-08-11 13:52:00',2),(78,32,'9619-10-11 09:55:00',8),(79,32,'9404-01-16 09:59:00',6),(80,32,'9178-08-15 14:46:00',1),(85,32,'9016-01-01 08:33:00',7),(90,32,'9400-09-12 15:05:00',2),(91,32,'9040-03-25 15:39:00',1),(94,32,'9613-05-25 11:49:00',1),(97,32,'9526-12-09 14:56:00',3),(99,32,'9710-04-14 10:48:00',8),(106,32,'9367-11-14 17:14:00',7),(107,32,'9075-03-03 10:47:00',10),(107,32,'9431-11-10 14:34:00',6),(115,32,'9757-01-04 17:46:00',2),(116,32,'9164-04-10 15:38:00',9),(117,32,'9487-11-04 09:32:00',8),(117,32,'9655-02-04 10:08:00',5),(118,32,'9145-10-23 17:53:00',9),(118,32,'9161-02-01 11:30:00',4),(119,32,'9126-06-26 09:14:00',4),(125,32,'9201-06-25 08:15:00',3),(126,32,'9223-05-11 15:20:00',10),(128,32,'9168-09-13 15:11:00',10);
/*!40000 ALTER TABLE `cita` ENABLE KEYS */;
UNLOCK TABLES;

--
-- Table structure for table `enfermo`
--

DROP TABLE IF EXISTS `enfermo`;
/*!40101 SET @saved_cs_client     = @@character_set_client */;
/*!50503 SET character_set_client = utf8mb4 */;
CREATE TABLE `enfermo` (
  `id_criatura` int unsigned NOT NULL,
  `id_enfermedad` int unsigned NOT NULL,
  PRIMARY KEY (`id_criatura`,`id_enfermedad`),
  KEY `id_enfermedad` (`id_enfermedad`),
  CONSTRAINT `enfermo_ibfk_1` FOREIGN KEY (`id_criatura`) REFERENCES `Criatura` (`id_criatura`) ON DELETE RESTRICT ON UPDATE CASCADE,
  CONSTRAINT `enfermo_ibfk_2` FOREIGN KEY (`id_enfermedad`) REFERENCES `Enfermedad` (`id_enfermedad`) ON DELETE RESTRICT ON UPDATE CASCADE
) ENGINE=InnoDB DEFAULT CHARSET=utf8mb4 COLLATE=utf8mb4_0900_ai_ci;
/*!40101 SET character_set_client = @saved_cs_client */;

--
-- Dumping data for table `enfermo`
--

LOCK TABLES `enfermo` WRITE;
/*!40000 ALTER TABLE `enfermo` DISABLE KEYS */;
INSERT INTO `enfermo` VALUES (1,1),(2,1),(3,1),(4,1),(5,1),(6,1),(9,1),(10,1),(13,1),(14,1),(15,1),(16,1),(18,1),(19,1),(21,1),(22,1),(23,1),(24,1),(25,1),(26,1),(27,1),(28,1),(30,1),(32,1),(33,1),(34,1),(35,1),(37,1),(38,1),(39,1),(41,1),(42,1),(43,1),(44,1),(45,1),(46,1),(47,1),(48,1),(50,1),(51,1),(52,1),(54,1),(55,1),(57,1),(59,1),(60,1),(61,1),(62,1),(63,1),(65,1),(67,1),(68,1),(70,1),(71,1),(72,1),(74,1),(77,1),(78,1),(79,1),(80,1),(81,1),(83,1),(85,1),(86,1),(88,1),(89,1),(90,1),(91,1),(92,1),(93,1),(94,1),(95,1),(96,1),(97,1),(99,1),(100,1),(101,1),(102,1),(103,1),(104,1),(105,1),(106,1),(107,1),(108,1),(109,1),(110,1),(111,1),(112,1),(113,1),(114,1),(117,1),(118,1),(119,1),(120,1),(121,1),(122,1),(123,1),(124,1),(125,1),(127,1),(128,1),(2,2),(3,2),(4,2),(5,2),(6,2),(9,2),(13,2),(15,2),(16,2),(17,2),(18,2),(19,2),(20,2),(21,2),(23,2),(25,2),(26,2),(27,2),(28,2),(29,2),(30,2),(31,2),(32,2),(34,2),(35,2),(36,2),(37,2),(38,2),(39,2),(40,2),(41,2),(42,2),(43,2),(44,2),(45,2),(46,2),(48,2),(49,2),(50,2),(51,2),(53,2),(54,2),(55,2),(56,2),(57,2),(58,2),(59,2),(61,2),(62,2),(63,2),(64,2),(65,2),(66,2),(67,2),(68,2),(69,2),(70,2),(71,2),(72,2),(73,2),(74,2),(75,2),(77,2),(78,2),(79,2),(81,2),(82,2),(83,2),(86,2),(87,2),(88,2),(90,2),(91,2),(92,2),(93,2),(94,2),(95,2),(96,2),(97,2),(98,2),(99,2),(100,2),(101,2),(102,2),(103,2),(104,2),(105,2),(106,2),(108,2),(110,2),(111,2),(112,2),(113,2),(114,2),(115,2),(116,2),(119,2),(120,2),(121,2),(122,2),(123,2),(124,2),(127,2),(1,3),(2,3),(3,3),(4,3),(5,3),(6,3),(7,3),(9,3),(10,3),(12,3),(15,3),(16,3),(17,3),(18,3),(19,3),(20,3),(21,3),(22,3),(23,3),(24,3),(26,3),(27,3),(28,3),(29,3),(30,3),(31,3),(32,3),(33,3),(34,3),(35,3),(36,3),(37,3),(38,3),(39,3),(40,3),(41,3),(44,3),(45,3),(46,3),(47,3),(48,3),(49,3),(51,3),(52,3),(53,3),(54,3),(55,3),(56,3),(57,3),(59,3),(60,3),(61,3),(62,3),(64,3),(65,3),(66,3),(68,3),(69,3),(70,3),(71,3),(72,3),(73,3),(76,3),(77,3),(79,3),(80,3),(81,3),(82,3),(83,3),(84,3),(85,3),(86,3),(87,3),(90,3),(91,3),(92,3),(93,3),(95,3),(96,3),(97,3),(99,3),(100,3),(101,3),(102,3),(103,3),(104,3),(105,3),(106,3),(107,3),(108,3),(111,3),(112,3),(113,3),(115,3),(117,3),(119,3),(121,3),(122,3),(123,3),(124,3),(125,3),(127,3),(128,3),(1,4),(2,4),(3,4),(4,4),(6,4),(8,4),(9,4),(10,4),(11,4),(12,4),(13,4),(14,4),(16,4),(18,4),(19,4),(20,4),(22,4),(23,4),(24,4),(25,4),(26,4),(27,4),(28,4),(29,4),(30,4),(32,4),(33,4),(35,4),(36,4),(37,4),(38,4),(40,4),(41,4),(42,4),(43,4),(44,4),(45,4),(46,4),(49,4),(50,4),(52,4),(53,4),(54,4),(55,4),(56,4),(57,4),(58,4),(59,4),(60,4),(61,4),(63,4),(64,4),(65,4),(66,4),(67,4),(69,4),(70,4),(72,4),(73,4),(74,4),(75,4),(77,4),(78,4),(79,4),(81,4),(82,4),(83,4),(84,4),(85,4),(86,4),(87,4),(88,4),(90,4),(91,4),(92,4),(93,4),(94,4),(95,4),(96,4),(98,4),(99,4),(101,4),(103,4),(104,4),(105,4),(106,4),(107,4),(109,4),(110,4),(111,4),(113,4),(114,4),(115,4),(116,4),(117,4),(118,4),(119,4),(120,4),(123,4),(124,4),(125,4),(128,4),(1,5),(2,5),(3,5),(5,5),(6,5),(8,5),(9,5),(10,5),(11,5),(13,5),(14,5),(15,5),(17,5),(18,5),(19,5),(20,5),(21,5),(22,5),(23,5),(24,5),(26,5),(27,5),(28,5),(29,5),(31,5),(32,5),(33,5),(34,5),(35,5),(36,5),(37,5),(38,5),(40,5),(41,5),(42,5),(43,5),(44,5),(45,5),(46,5),(47,5),(48,5),(49,5),(50,5),(51,5),(52,5),(54,5),(55,5),(56,5),(57,5),(58,5),(59,5),(61,5),(62,5),(63,5),(64,5),(65,5),(66,5),(68,5),(69,5),(70,5),(71,5),(72,5),(74,5),(75,5),(77,5),(78,5),(80,5),(81,5),(82,5),(83,5),(84,5),(85,5),(86,5),(87,5),(88,5),(89,5),(91,5),(92,5),(95,5),(97,5),(99,5),(100,5),(101,5),(102,5),(103,5),(104,5),(105,5),(106,5),(107,5),(108,5),(109,5),(110,5),(111,5),(113,5),(114,5),(115,5),(116,5),(117,5),(118,5),(119,5),(120,5),(121,5),(122,5),(123,5),(124,5),(125,5),(126,5),(127,5),(128,5),(1,6),(2,6),(3,6),(4,6),(6,6),(7,6),(10,6),(11,6),(12,6),(13,6),(14,6),(15,6),(16,6),(17,6),(19,6),(20,6),(21,6),(23,6),(24,6),(25,6),(26,6),(27,6),(28,6),(29,6),(31,6),(32,6),(33,6),(34,6),(36,6),(37,6),(38,6),(39,6),(41,6),(43,6),(44,6),(45,6),(46,6),(48,6),(49,6),(50,6),(51,6),(52,6),(54,6),(55,6),(56,6),(57,6),(58,6),(60,6),(61,6),(62,6),(63,6),(65,6),(66,6),(67,6),(69,6),(70,6),(71,6),(72,6),(74,6),(76,6),(79,6),(80,6),(81,6),(82,6),(83,6),(85,6),(86,6),(87,6),(88,6),(89,6),(90,6),(91,6),(92,6),(93,6),(94,6),(95,6),(98,6),(99,6),(100,6),(102,6),(103,6),(105,6),(106,6),(107,6),(109,6),(110,6),(112,6),(113,6),(114,6),(115,6),(116,6),(117,6),(118,6),(119,6),(120,6),(121,6),(124,6),(125,6),(127,6),(128,6),(2,7),(3,7),(4,7),(5,7),(6,7),(7,7),(8,7),(9,7),(10,7),(11,7),(12,7),(14,7),(15,7),(16,7),(17,7),(18,7),(19,7),(20,7),(21,7),(22,7),(23,7),(24,7),(25,7),(26,7),(27,7),(28,7),(29,7),(31,7),(32,7),(33,7),(34,7),(35,7),(36,7),(37,7),(38,7),(39,7),(40,7),(41,7),(42,7),(45,7),(46,7),(47,7),(48,7),(51,7),(52,7),(53,7),(54,7),(55,7),(56,7),(57,7),(58,7),(59,7),(60,7),(63,7),(64,7),(65,7),(66,7),(67,7),(68,7),(69,7),(71,7),(72,7),(73,7),(75,7),(76,7),(77,7),(78,7),(79,7),(80,7),(81,7),(82,7),(83,7),(84,7),(85,7),(86,7),(87,7),(88,7),(89,7),(92,7),(94,7),(95,7),(96,7),(98,7),(99,7),(100,7),(101,7),(103,7),(104,7),(106,7),(107,7),(110,7),(111,7),(112,7),(114,7),(116,7),(117,7),(118,7),(119,7),(120,7),(121,7),(122,7),(123,7),(124,7),(125,7),(126,7),(127,7),(128,7),(1,8),(2,8),(3,8),(4,8),(5,8),(7,8),(8,8),(9,8),(10,8),(11,8),(12,8),(13,8),(14,8),(15,8),(16,8),(17,8),(18,8),(19,8),(20,8),(21,8),(23,8),(24,8),(25,8),(26,8),(27,8),(29,8),(31,8),(32,8),(33,8),(34,8),(35,8),(36,8),(37,8),(38,8),(39,8),(40,8),(41,8),(43,8),(44,8),(46,8),(48,8),(49,8),(50,8),(51,8),(52,8),(53,8),(54,8),(55,8),(56,8),(57,8),(58,8),(60,8),(61,8),(62,8),(64,8),(66,8),(67,8),(68,8),(69,8),(70,8),(71,8),(72,8),(73,8),(75,8),(76,8),(77,8),(78,8),(79,8),(80,8),(81,8),(82,8),(83,8),(84,8),(85,8),(86,8),(87,8),(89,8),(90,8),(91,8),(93,8),(95,8),(96,8),(97,8),(99,8),(102,8),(105,8),(106,8),(107,8),(108,8),(111,8),(112,8),(113,8),(114,8),(115,8),(116,8),(117,8),(118,8),(119,8),(120,8),(121,8),(122,8),(123,8),(124,8),(125,8),(126,8),(127,8),(128,8),(1,9),(2,9),(3,9),(5,9),(6,9),(8,9),(9,9),(11,9),(12,9),(13,9),(14,9),(15,9),(16,9),(17,9),(19,9),(20,9),(21,9),(22,9),(23,9),(24,9),(25,9),(26,9),(27,9),(28,9),(29,9),(30,9),(31,9),(32,9),(33,9),(34,9),(35,9),(36,9),(37,9),(38,9),(39,9),(40,9),(41,9),(42,9),(44,9),(46,9),(48,9),(49,9),(50,9),(51,9),(52,9),(53,9),(54,9),(55,9),(56,9),(58,9),(59,9),(60,9),(61,9),(62,9),(63,9),(65,9),(66,9),(67,9),(69,9),(70,9),(71,9),(72,9),(73,9),(77,9),(78,9),(82,9),(83,9),(84,9),(86,9),(87,9),(88,9),(89,9),(90,9),(92,9),(93,9),(96,9),(97,9),(98,9),(102,9),(103,9),(104,9),(106,9),(107,9),(109,9),(110,9),(111,9),(112,9),(113,9),(114,9),(115,9),(116,9),(117,9),(118,9),(119,9),(121,9),(122,9),(124,9),(125,9),(126,9),(127,9),(1,10),(2,10),(3,10),(4,10),(5,10),(6,10),(8,10),(9,10),(10,10),(11,10),(12,10),(13,10),(14,10),(15,10),(17,10),(18,10),(19,10),(20,10),(21,10),(22,10),(23,10),(24,10),(26,10),(27,10),(28,10),(29,10),(30,10),(31,10),(33,10),(34,10),(35,10),(36,10),(37,10),(38,10),(40,10),(42,10),(43,10),(44,10),(45,10),(46,10),(47,10),(48,10),(49,10),(50,10),(51,10),(53,10),(55,10),(56,10),(57,10),(58,10),(59,10),(61,10),(62,10),(63,10),(64,10),(66,10),(67,10),(68,10),(69,10),(71,10),(74,10),(75,10),(76,10),(77,10),(78,10),(80,10),(82,10),(83,10),(85,10),(87,10),(88,10),(89,10),(91,10),(93,10),(94,10),(95,10),(96,10),(97,10),(99,10),(100,10),(101,10),(104,10),(105,10),(106,10),(107,10),(108,10),(109,10),(110,10),(111,10),(112,10),(114,10),(116,10),(117,10),(121,10),(124,10),(125,10),(126,10),(128,10);
/*!40000 ALTER TABLE `enfermo` ENABLE KEYS */;
UNLOCK TABLES;

--
-- Table structure for table `necesita`
--

DROP TABLE IF EXISTS `necesita`;
/*!40101 SET @saved_cs_client     = @@character_set_client */;
/*!50503 SET character_set_client = utf8mb4 */;
CREATE TABLE `necesita` (
  `id_tratamiento` int unsigned NOT NULL,
  `id_ingrediente` int unsigned NOT NULL,
  PRIMARY KEY (`id_tratamiento`,`id_ingrediente`),
  KEY `id_ingrediente` (`id_ingrediente`),
  CONSTRAINT `necesita_ibfk_1` FOREIGN KEY (`id_tratamiento`) REFERENCES `Tratamiento` (`id_tratamiento`) ON DELETE RESTRICT ON UPDATE CASCADE,
  CONSTRAINT `necesita_ibfk_2` FOREIGN KEY (`id_ingrediente`) REFERENCES `Ingrediente` (`id_ingrediente`) ON DELETE RESTRICT ON UPDATE CASCADE
) ENGINE=InnoDB DEFAULT CHARSET=utf8mb4 COLLATE=utf8mb4_0900_ai_ci;
/*!40101 SET character_set_client = @saved_cs_client */;

--
-- Dumping data for table `necesita`
--

LOCK TABLES `necesita` WRITE;
/*!40000 ALTER TABLE `necesita` DISABLE KEYS */;
INSERT INTO `necesita` VALUES (1,1),(2,1),(3,1),(4,1),(6,1),(7,1),(8,1),(9,1),(1,2),(3,2),(4,2),(6,2),(7,2),(8,2),(10,2),(1,3),(2,3),(3,3),(4,3),(7,3),(8,3),(1,4),(2,4),(4,4),(6,4),(7,4),(8,4),(2,5),(3,5),(4,5),(5,5),(6,5),(7,5),(8,5),(10,5),(2,6),(3,6),(4,6),(7,6),(8,6),(2,7),(4,7),(6,7),(8,7),(10,7),(2,8),(3,8),(4,8),(2,9),(3,9),(4,9),(7,9),(8,9),(3,10),(4,10),(6,10),(9,10);
/*!40000 ALTER TABLE `necesita` ENABLE KEYS */;
UNLOCK TABLES;
/*!40103 SET TIME_ZONE=@OLD_TIME_ZONE */;

/*!40101 SET SQL_MODE=@OLD_SQL_MODE */;
/*!40014 SET FOREIGN_KEY_CHECKS=@OLD_FOREIGN_KEY_CHECKS */;
/*!40014 SET UNIQUE_CHECKS=@OLD_UNIQUE_CHECKS */;
/*!40101 SET CHARACTER_SET_CLIENT=@OLD_CHARACTER_SET_CLIENT */;
/*!40101 SET CHARACTER_SET_RESULTS=@OLD_CHARACTER_SET_RESULTS */;
/*!40101 SET COLLATION_CONNECTION=@OLD_COLLATION_CONNECTION */;
/*!40111 SET SQL_NOTES=@OLD_SQL_NOTES */;

-- Dump completed on 2024-05-06 20:11:40
